office_type,state,district,Democratic_name,Republican_name,Independent_name,pct_reporting,total_votes,margin_votes,margin_pct,absentee_pct,absentee_margin_pct,margin_pct_1,margin_votes_1,margin_pct_2,absentee_pct_1,absentee_margin_pct_1,total_votes_lower,total_votes_upper,dem_votes_lower,rep_votes_lower,dem_votes_upper,rep_votes_upper,expected_pct_in
Governor,DE,0,Matt Meyer,Michael Ramone,NA,NA,0,0,NA,NA,NA,NA,NA,NA,NA,NA,NA,NA,NA,NA,NA,NA,NA
Governor,IN,0,Jennifer McCormick,Mike Braun,NA,NA,2597106,-475396,-18.30483622924902,0,NA,NA,NA,NA,NA,NA,NA,NA,NA,NA,NA,NA,NA
Governor,MO,0,Crystal Quade,Mike Kehoe,NA,99.32659932659932,2573302,-465934,-18.10646399062372,0,NA,NA,NA,NA,NA,NA,NA,NA,NA,NA,NA,NA,NA
Governor,MT,0,Ryan Busse,Greg Gianforte,NA,NA,518210,-72438,-13.978502923525213,0,NA,NA,NA,NA,NA,NA,NA,NA,NA,NA,NA,NA,NA
Governor,NC,0,Josh Stein,Mark Robinson,NA,NA,2964084,191677,6.466652092180923,0,NA,NA,NA,NA,NA,NA,NA,NA,NA,NA,NA,NA,NA
Governor,ND,0,Merrill Piepkorn,Kelly Armstrong,Michael Coachman,NA,327543,-101149,-30.881136217229493,0,NA,NA,NA,NA,NA,NA,NA,NA,NA,NA,NA,NA,NA
Governor,NH,0,Joyce Craig,Kelly  Ayotte,NA,NA,262487,9705,3.697325962809587,0,NA,NA,NA,NA,NA,NA,NA,NA,NA,NA,NA,NA,NA
Governor,UT,0,Brian King,Spencer Cox,Tom Tomeny,NA,1045769,-167510,-16.017877753117563,0,NA,NA,NA,NA,NA,NA,NA,NA,NA,NA,NA,NA,NA
Governor,VT,0,Esther Charlestin,Phil Scott,Eli Mutino,NA,8764,-8263,-94.28343222272935,0,NA,NA,NA,NA,NA,NA,NA,NA,NA,NA,NA,NA,NA
Governor,WA,0,Bob Ferguson,Dave Reichert,NA,NA,0,0,NA,NA,NA,NA,NA,NA,NA,NA,NA,NA,NA,NA,NA,NA,NA
Governor,WV,0,Steve Williams,Patrick Morrisey,NA,NA,655168,-248966,-38.00032968643157,0,NA,NA,NA,NA,NA,NA,NA,NA,NA,NA,NA,NA,NA
House,AK,1,Eric Hafner,Nick Begich,NA,NA,222357,18049,8.117126962497245,0,NA,NA,NA,NA,NA,NA,NA,NA,NA,NA,NA,NA,NA
House,AL,1,Tom Holmes,Barry Moore,NA,NA,291047,-268069,-92.10505519727054,0,NA,NA,NA,NA,NA,NA,NA,NA,NA,NA,NA,NA,NA
House,AL,2,Shomari Figures,Caroleene Dobson,NA,NA,272049,-48869,-17.96330808052961,0,NA,-39.93043862867597,-79446,NA,NA,NA,NA,NA,NA,NA,NA,NA,NA
House,AL,3,NA,Mike Rogers,NA,NA,0,0,NA,NA,NA,-46.0820562377236,-87743,NA,NA,NA,NA,NA,NA,NA,NA,NA,NA
House,AL,4,NA,Robert Aderholt,NA,NA,0,0,NA,NA,NA,-70.48428215988106,-137961,NA,NA,NA,NA,NA,NA,NA,NA,NA,NA
House,AL,5,NA,Dale Strong,NA,NA,0,0,NA,NA,NA,-37.53585440638291,-79695,NA,NA,NA,NA,NA,NA,NA,NA,NA,NA
House,AL,6,Elizabeth Anderson,Gary Palmer,NA,NA,324676,-76512,-23.565646983454275,0,NA,NA,NA,NA,NA,NA,NA,NA,NA,NA,NA,NA,NA
House,AL,7,Terri Sewall,Robin Litaker,NA,NA,3488,-508,-14.564220183486238,0,NA,28.780550685779108,55817,NA,NA,NA,NA,NA,NA,NA,NA,NA,NA
House,AR,1,Rodney Govens,Rick Crawford,NA,NA,241232,-105118,-43.57547920673874,0,NA,-47.59564624805636,-99176,NA,NA,NA,NA,NA,NA,NA,NA,NA,NA
House,AR,2,Marcus Jones,French Hill,NA,NA,295740,-75644,-25.577872455535267,0,NA,-24.787580240701818,-61088,NA,NA,NA,NA,NA,NA,NA,NA,NA,NA
House,AR,3,Caitlin Mattelin,Steve Womack,NA,NA,257188,-55326,-21.511890134842993,0,NA,-30.797717229905004,-68860,NA,NA,NA,NA,NA,NA,NA,NA,NA,NA
House,AR,4,Risie Howard,Bruce Westerman,John White,NA,256591,-81891,-31.91499312134876,0,NA,-44.81162550300883,-97105,NA,NA,NA,NA,NA,NA,NA,NA,NA,NA
House,AZ,1,Amish Shah,David Schweikert,NA,NA,372378,260622,69.98856001160111,0,NA,-0.8838736627779914,-3195,NA,NA,NA,NA,NA,NA,NA,NA,NA,NA
House,AZ,2,Jonathan Nez,Eli Crane,NA,NA,345526,-119206,-34.49986397550401,0,NA,-7.736026419621764,-25018,NA,NA,NA,NA,NA,NA,NA,NA,NA,NA
House,AZ,3,Yassamin Ansari,Jeffrey Zink,NA,NA,182332,-29468,-16.161726959612135,0,NA,53.96033287494507,76124,NA,NA,NA,NA,NA,NA,NA,NA,NA,NA
House,AZ,4,Greg Stanton,Kelly Cooper,NA,NA,293318,20538,7.001956920475388,0,NA,12.21101477223934,32420,NA,NA,NA,NA,NA,NA,NA,NA,NA,NA
House,AZ,5,Katrina Schaffner,Andy Biggs,NA,NA,360870,-263794,-73.09945409704325,0,NA,-19.34792748530738,-62221,NA,NA,NA,NA,NA,NA,NA,NA,NA,NA
House,AZ,6,Kristen Engel,Juan Ciscomani,NA,NA,368353,-7741,-2.1015167515942585,0,NA,-1.4979257507522554,-5232,NA,NA,NA,NA,NA,NA,NA,NA,NA,NA
House,AZ,7,Raul Grijalva,Daniel Butierez,NA,NA,248968,47062,18.902830885896982,0,NA,29.088848270721225,56974,NA,NA,NA,NA,NA,NA,NA,NA,NA,NA
House,AZ,8,Gregory Whitten,Abraham Hamadeh,NA,NA,332209,232537,69.99720055748038,0,NA,NA,NA,NA,NA,NA,NA,NA,NA,NA,NA,NA,NA
House,AZ,9,Quacy Smith,Paul Gosar,NA,NA,309036,58836,19.038558614530345,0,NA,NA,NA,NA,NA,NA,NA,NA,NA,NA,NA,NA,NA
House,CA,1,Rose Yee,Doug La Malfa,NA,NA,279547,-156053,-55.823528780491294,0,NA,-24.145801604223777,-59453,NA,NA,NA,NA,NA,NA,NA,NA,NA,NA
House,CA,10,Mark DeSaulnier,Katherine Piccinini,NA,NA,251587,226119,89.87706042045097,0,NA,NA,NA,NA,NA,NA,NA,NA,NA,NA,NA,NA,NA
House,CA,11,Nancy Pelosi,Bruce Lou,NA,NA,303051,292083,96.38080719086886,0,NA,67.90375002375839,178631,NA,NA,NA,NA,NA,NA,NA,NA,NA,NA
House,CA,12,Lateefah Simon,NA,NA,NA,216056,216056,100,0,NA,80.94837249811434,194251,NA,NA,NA,NA,NA,NA,NA,NA,NA,NA
House,CA,13,Adam Gray,John Duarte,NA,NA,170569,25653,15.039661368712954,0,NA,-0.4222947677378777,-564,NA,NA,NA,NA,NA,NA,NA,NA,NA,NA
House,CA,14,Eric Swalwell,Vin Kruttiventi,NA,NA,290581,278985,96.00937432247807,0,NA,38.67703966462432,76760,NA,NA,NA,NA,NA,NA,NA,NA,NA,NA
House,CA,15,Kevin Mullin,Anna Kramer,NA,NA,255819,240331,93.94571943444389,0,NA,NA,NA,NA,NA,NA,NA,NA,NA,NA,NA,NA,NA
House,CA,16,Evan Low,NA,NA,NA,297153,297153,100,0,NA,NA,NA,NA,NA,NA,NA,NA,NA,NA,NA,NA,NA
House,CA,17,Ro Khanna,Anita Chen,NA,NA,206283,191803,92.98051705666488,0,NA,41.85949748409181,75453,NA,NA,NA,NA,NA,NA,NA,NA,NA,NA
House,CA,18,Zoe Lofgren,Peter Hernandez,NA,NA,235704,220070,93.36710450395411,0,NA,31.706190227901235,48039,NA,NA,NA,NA,NA,NA,NA,NA,NA,NA
House,CA,19,Jimmy Panetta,Jason Anderson,NA,NA,337212,311644,92.41782617463198,0,NA,37.30118950972433,105678,NA,NA,NA,NA,NA,NA,NA,NA,NA,NA
House,CA,2,Jared Huffman,Chris Coulombe,NA,NA,355135,328415,92.47610063778563,0,NA,48.80695969865489,150691,NA,NA,NA,NA,NA,NA,NA,NA,NA,NA
House,CA,20,NA,Vince Fong,NA,NA,295144,-295144,-100,0,NA,-34.492811903086356,-78913,NA,NA,NA,NA,NA,NA,NA,NA,NA,NA
House,CA,21,Jim Costa,Michael Maher,NA,NA,172607,76303,44.206202529445505,0,NA,8.357541365890153,10501,NA,NA,NA,NA,NA,NA,NA,NA,NA,NA
House,CA,22,Rudy Salas,David Valadao,NA,NA,163082,-103806,-63.65264100268577,0,NA,-3.0450338337092635,-3132,NA,NA,NA,NA,NA,NA,NA,NA,NA,NA
House,CA,23,Derek Marshall,Jay Obernolte,NA,NA,230013,-181691,-78.99162221265755,0,NA,-22.050796842198633,-37289,NA,NA,NA,NA,NA,NA,NA,NA,NA,NA
House,CA,24,Salud Carbajal,Thomas Cole,NA,NA,315581,281329,89.14636812735874,0,NA,21.133337396020597,55486,NA,NA,NA,NA,NA,NA,NA,NA,NA,NA
House,CA,25,Raul Ruiz,Ian Weeks,NA,NA,228900,199226,87.03626037570992,0,NA,14.756910345550011,22540,NA,NA,NA,NA,NA,NA,NA,NA,NA,NA
House,CA,26,Julia Brownley,Michael Koslow,NA,NA,321774,265940,82.64806976324998,0,NA,9.060776614841018,22361,NA,NA,NA,NA,NA,NA,NA,NA,NA,NA
House,CA,27,George Whitesides,Mike Garcia,NA,NA,281964,245694,87.13665574328638,0,NA,-6.4788617720694495,-12732,NA,NA,NA,NA,NA,NA,NA,NA,NA,NA
House,CA,28,Judy Chu,April Verlato,NA,NA,325365,281753,86.59597682602616,0,NA,32.471740003619395,73567,NA,NA,NA,NA,NA,NA,NA,NA,NA,NA
House,CA,29,Luz Rivas,Benito Bernal,NA,NA,239965,226515,94.39501593982456,0,NA,NA,NA,NA,NA,NA,NA,NA,NA,NA,NA,NA,NA
House,CA,3,Jessica Morse,Kevin Kiley,NA,NA,369860,-48820,-13.199589033688422,0,NA,-7.296591651660709,-24677,NA,NA,NA,NA,NA,NA,NA,NA,NA,NA
House,CA,30,Laura Friedman,Alex Balekian,NA,NA,257975,240329,93.15980230642504,0,NA,NA,NA,NA,NA,NA,NA,NA,NA,NA,NA,NA,NA
House,CA,31,Gil Cisneros,Daniel Martinez,NA,NA,273191,237491,86.93221958263632,0,NA,19.08478437754272,29319,NA,NA,NA,NA,NA,NA,NA,NA,NA,NA
House,CA,32,Brad Sherman,Larry Thompson,NA,NA,335206,311146,92.82232418274135,0,NA,38.33962045870536,92793,NA,NA,NA,NA,NA,NA,NA,NA,NA,NA
House,CA,33,Pete Aguilar,Tom Herman,NA,NA,231823,183995,79.36874253201796,0,NA,15.424205203945537,20469,NA,NA,NA,NA,NA,NA,NA,NA,NA,NA
House,CA,34,Jimmy Gomez,NA,NA,NA,137221,137221,100,0,NA,NA,NA,NA,NA,NA,NA,NA,NA,NA,NA,NA,NA
House,CA,35,Norma Torres,Mike Cargile,NA,NA,233834,158360,67.7232566692611,0,NA,14.729712186815116,19289,NA,NA,NA,NA,NA,NA,NA,NA,NA,NA
House,CA,36,Ted Lieu,Melissa Toomim,NA,NA,339291,327631,96.56342195932106,0,NA,39.500938746351814,110035,NA,NA,NA,NA,NA,NA,NA,NA,NA,NA
House,CA,37,Sydney Kamlager-Dove,NA,Juan Rey,NA,234010,227062,97.03089611555062,0,NA,NA,NA,NA,NA,NA,NA,NA,NA,NA,NA,NA,NA
House,CA,38,Linda Sanchez,Eric Ching,NA,NA,292074,238420,81.62999787725029,0,NA,16.183143920922948,28209,NA,NA,NA,NA,NA,NA,NA,NA,NA,NA
House,CA,39,Mark Takano,David Serpa,NA,NA,222993,-166303,-74.57767732619409,0,NA,15.346094515832428,20195,NA,NA,NA,NA,NA,NA,NA,NA,NA,NA
House,CA,4,Mike Thompson,John Munn,NA,NA,275699,250533,90.8719291691301,0,NA,35.603874177388875,92893,NA,NA,NA,NA,NA,NA,NA,NA,NA,NA
House,CA,40,Joe Kerr,Young Kim,NA,NA,373251,245501,65.7737018788965,0,NA,-13.670593118099546,-38867,NA,NA,NA,NA,NA,NA,NA,NA,NA,NA
House,CA,41,Will Rollins,Ken Calvert,NA,NA,252041,-145025,-57.54024146864994,0,NA,-4.690709015458211,-11100,NA,NA,NA,NA,NA,NA,NA,NA,NA,NA
House,CA,42,Robert Garcia,John Briscoe,NA,NA,232735,212689,91.38677036114035,0,NA,36.73787210584344,53314,NA,NA,NA,NA,NA,NA,NA,NA,NA,NA
House,CA,43,Maxine Waters,Steve Williams,NA,NA,237960,221816,93.21566649857118,0,NA,54.66070459387429,67477,NA,NA,NA,NA,NA,NA,NA,NA,NA,NA
House,CA,44,Nanette Barragan,Roger Groh,NA,NA,241869,225995,93.43694313864117,0,NA,44.41224389751575,61606,NA,NA,NA,NA,NA,NA,NA,NA,NA,NA
House,CA,45,Derek Tran,Michelle Steel,NA,NA,293580,236472,80.54772123441651,0,NA,-4.826469695436608,-10494,NA,NA,NA,NA,NA,NA,NA,NA,NA,NA
House,CA,46,Lou Correa,David Pan,NA,NA,219534,-125854,-57.32779432798564,0,NA,23.58232117689908,29784,NA,NA,NA,NA,NA,NA,NA,NA,NA,NA
House,CA,47,Dave Min,Scott Baugh,NA,NA,325811,294415,90.36373848642312,0,NA,3.4306473168068967,9113,NA,NA,NA,NA,NA,NA,NA,NA,NA,NA
House,CA,48,Stephen Houlahan,Darrell Issa,NA,NA,311582,210828,67.66372897022293,0,NA,-20.722290729020383,-53271,NA,NA,NA,NA,NA,NA,NA,NA,NA,NA
House,CA,49,Mike Levin,Matt Gunderson,NA,NA,348123,320075,91.94307759039191,0,NA,5.260596088916311,15347,NA,NA,NA,NA,NA,NA,NA,NA,NA,NA
House,CA,5,Mike Barkley,Tom McClintock,NA,NA,318970,-15826,-4.961595134338652,0,NA,-22.618803660389357,-64018,NA,NA,NA,NA,NA,NA,NA,NA,NA,NA
House,CA,50,Scott Peters,Peter Bono,NA,NA,259395,222459,85.76071242699358,0,NA,25.684292813669103,68997,NA,NA,NA,NA,NA,NA,NA,NA,NA,NA
House,CA,51,Sara Jacobs,Bill Wells,NA,NA,223762,199176,89.0124328527632,0,NA,23.726573762614127,55300,NA,NA,NA,NA,NA,NA,NA,NA,NA,NA
House,CA,52,Juan Vargas,Justin Lee,NA,NA,242086,218082,90.08451542013995,0,NA,33.344811145838854,50356,NA,NA,NA,NA,NA,NA,NA,NA,NA,NA
House,CA,6,Ami Bera,Christine Bish,NA,NA,287427,218431,75.9952961969474,0,NA,11.892339046967646,25733,NA,NA,NA,NA,NA,NA,NA,NA,NA,NA
House,CA,7,Doris Matsui,Tom Silva,NA,NA,288069,264305,91.75058753284803,0,NA,36.52147508962117,80585,NA,NA,NA,NA,NA,NA,NA,NA,NA,NA
House,CA,8,John Garamendi,Rudy Recile,NA,NA,273368,252554,92.38608761815574,0,NA,51.45704842948968,98867,NA,NA,NA,NA,NA,NA,NA,NA,NA,NA
House,CA,9,Josh Harder,Kevin Lincoln,NA,NA,248489,117581,47.31839236344466,0,NA,9.630733944954128,16796,NA,NA,NA,NA,NA,NA,NA,NA,NA,NA
House,CO,1,Diana DeGette,Valdamar Archuleta,NA,NA,289228,166932,57.71640366769469,0,NA,62.77033147450958,177399,NA,NA,NA,NA,NA,NA,NA,NA,NA,NA
House,CO,2,Joe Neguse,Marshall Dawson,NA,NA,319026,115508,36.20645339251346,0,NA,41.9697912217384,146407,NA,NA,NA,NA,NA,NA,NA,NA,NA,NA
House,CO,3,Adam Frisch,Jeff Hurd,NA,NA,339864,-21148,-6.22248899559824,0,NA,-0.16682707731793392,-546,NA,NA,NA,NA,NA,NA,NA,NA,NA,NA
House,CO,4,Trish Calvarese,Lauren Boebert,NA,NA,364502,-64804,-17.778777619875886,0,NA,-24.37287208085458,-86405,NA,NA,NA,NA,NA,NA,NA,NA,NA,NA
House,CO,5,River Gassen,Jeff Crank,Joseph Gaye,NA,285576,-60746,-21.27139535535199,0,NA,-15.667496510339468,-43550,NA,NA,NA,NA,NA,NA,NA,NA,NA,NA
House,CO,6,Jason Crow,John Fabbricatore,NA,NA,312835,85631,27.372576597887065,0,NA,23.17180459831526,65056,NA,NA,NA,NA,NA,NA,NA,NA,NA,NA
House,CO,7,Brittany Pettersen,Sergei Matveyuk,NA,NA,374721,54617,14.575377414129445,0,NA,14.981806980728877,54474,NA,NA,NA,NA,NA,NA,NA,NA,NA,NA
House,CO,8,Yadira Caraveo,Gabe Evans,NA,NA,285824,-21200,-7.417151813703538,0,NA,0.690060507143733,1632,NA,NA,NA,NA,NA,NA,NA,NA,NA,NA
House,CT,1,John Larson,Jim Griffin,NA,NA,318915,167149,52.411771161594785,0,NA,21.879522616670695,53367,NA,NA,NA,NA,NA,NA,NA,NA,NA,NA
House,CT,2,Joe Courtney,Mike France,NA,NA,340847,110221,32.33738304869927,0,NA,18.047159782620135,51440,NA,NA,NA,NA,NA,NA,NA,NA,NA,NA
House,CT,3,Rosa DeLauro,Michael Massey,NA,NA,318151,178561,56.12460749769763,0,NA,16.163131410956478,39220,NA,NA,NA,NA,NA,NA,NA,NA,NA,NA
House,CT,4,Jim Himes,Michael Goldstein,Benjamin Wesley,NA,295888,95778,32.369680419618234,0,NA,19.879788549838192,46933,NA,NA,NA,NA,NA,NA,NA,NA,NA,NA
House,CT,5,Jahana Hayes,George Logan,NA,NA,311868,123816,39.70141213590365,0,NA,0.18764388659371156,476,NA,NA,NA,NA,NA,NA,NA,NA,NA,NA
House,DE,1,Sarah McBride,John Whalen III,NA,NA,437431,118927,27.18760215896907,0,NA,NA,NA,NA,NA,NA,NA,NA,NA,NA,NA,NA,NA
House,FL,1,Gay Valimont,Matt Gaetz,NA,100,349783,-104509,-29.87823879376642,0,NA,-35.720868177816904,-103882,NA,NA,NA,NA,NA,NA,NA,NA,NA,NA
House,FL,10,Maxwell Alejandro Frost,Willie Montague,NA,NA,282501,248593,87.9972106293429,0,NA,19.564303936771548,39111,NA,NA,NA,NA,NA,NA,NA,NA,NA,NA
House,FL,11,Barbie Harden Hall,Daniel Webster,NA,100,383448,-73904,-19.273539045711544,0,NA,-27.662434286869008,-90348,NA,NA,NA,NA,NA,NA,NA,NA,NA,NA
House,FL,12,Rock Aboujaoude,Gus Bilirakis,NA,100,384442,-339256,-88.24634145072599,0,NA,-40.749390518486315,-131211,NA,NA,NA,NA,NA,NA,NA,NA,NA,NA
House,FL,13,Whitney Fox,Anna Paulina Luna,NA,NA,379692,318936,83.99860939919725,0,NA,-8.084123368448173,-27611,NA,NA,NA,NA,NA,NA,NA,NA,NA,NA
House,FL,14,Kathy Castor,Rocky Rochford,Christopher Bradley,100,322676,43265,13.40818654005876,0,NA,13.797479898466356,36310,NA,NA,NA,NA,NA,NA,NA,NA,NA,NA
House,FL,15,Pat Kemp,Laurel Lee,NA,100,322119,63589,19.740841117723573,0,NA,-17.086602110830707,-42384,NA,NA,NA,NA,NA,NA,NA,NA,NA,NA
House,FL,16,Jan Schneider,Vernon Buchanan,NA,100,355939,-49701,-13.96334765226626,0,NA,-24.29508969799383,-74187,NA,NA,NA,NA,NA,NA,NA,NA,NA,NA
House,FL,17,Manny Lopez,Greg Steube,NA,100,376789,-335787,-89.11804750138671,0,NA,-28.31658565419247,-98685,NA,NA,NA,NA,NA,NA,NA,NA,NA,NA
House,FL,18,Andrea Doria Kale,Scott Franklin,NA,100,314923,-248261,-78.83228598736834,0,NA,NA,NA,NA,NA,NA,NA,NA,NA,NA,NA,NA,NA
House,FL,19,Kari Lerner,Byron Donalds,NA,100,348836,-293030,-84.00222454104508,0,NA,-36.009691196843654,-112809,NA,NA,NA,NA,NA,NA,NA,NA,NA,NA
House,FL,2,Yen Bailey,Neal Dunn,NA,100,354468,-15912,-4.48898066962321,0,NA,-19.603568809744218,-59083,NA,NA,NA,NA,NA,NA,NA,NA,NA,NA
House,FL,20,Sheila Cherfilus-McCormick,NA,NA,0,0,0,NA,NA,NA,44.62801142456706,84064,NA,NA,NA,NA,NA,NA,NA,NA,NA,NA
House,FL,21,Thomas Witkop,Brian Mast,NA,100,394563,163295,41.38629319018762,0,NA,-27.00811250970305,-88723,NA,NA,NA,NA,NA,NA,NA,NA,NA,NA
House,FL,22,Lois Frankel,Daniel Franzese,NA,100,331634,-198984,-60.0010855340526,0,NA,10.218806483372765,27816,NA,NA,NA,NA,NA,NA,NA,NA,NA,NA
House,FL,23,Jared Moskowitz,Joe Kaufman,NA,100,349743,310159,88.68197505025118,0,NA,4.755437217119574,13270,NA,NA,NA,NA,NA,NA,NA,NA,NA,NA
House,FL,24,Frederica Wilson,Jesus Navarro,NA,100,280626,241276,85.977778252906,0,NA,43.570156704735574,80993,NA,NA,NA,NA,NA,NA,NA,NA,NA,NA
House,FL,25,Debbie Wasserman Schultz,Christopher Eddy,NA,100,331221,245109,74.00164844620359,0,NA,10.187239707789992,23874,NA,NA,NA,NA,NA,NA,NA,NA,NA,NA
House,FL,26,Joey David Atkins,Mario Diaz-Balart,NA,100,268353,-166115,-61.90167428722615,0,NA,-41.74599718962139,-84372,NA,NA,NA,NA,NA,NA,NA,NA,NA,NA
House,FL,27,Lucia Baez-Geller,Mar√≠a Elvira-Salazar,NA,100,307245,227365,74.00120425067942,0,NA,-14.58629896985369,-34634,NA,NA,NA,NA,NA,NA,NA,NA,NA,NA
House,FL,28,Phil Ehr,Carlos Gimenez,NA,100,300214,205466,68.43984624301332,0,NA,-27.3701160312574,-57792,NA,NA,NA,NA,NA,NA,NA,NA,NA,NA
House,FL,3,Tom Wells,Kat Cammack,NA,100,350895,-99871,-28.461790564128872,0,NA,-26.227039625403226,-74719,NA,NA,NA,NA,NA,NA,NA,NA,NA,NA
House,FL,4,LaShonda Holloway,Aaron Bean,NA,100,354215,-305155,-86.14965487062942,0,NA,-20.902361521034063,-57294,NA,NA,NA,NA,NA,NA,NA,NA,NA,NA
House,FL,5,Jay McGovern,John Rutherford,NA,100,371548,-235230,-63.310796989890946,0,NA,NA,NA,NA,NA,NA,NA,NA,NA,NA,NA,NA,NA
House,FL,6,James Stockton,Michael Waltz,NA,100,380607,-318279,-83.62405315719364,0,NA,NA,NA,NA,NA,NA,NA,NA,NA,NA,NA,NA,NA
House,FL,7,Jennifer Ada,Cory Mills,NA,100,381573,-123217,-32.29185503167153,0,NA,-17.065004686652085,-51887,NA,NA,NA,NA,NA,NA,NA,NA,NA,NA
House,FL,8,Sandy Kennedy,Mike Haridopolos,NA,100,402068,-325046,-80.84353890386701,0,NA,-29.820460071067888,-102048,NA,NA,NA,NA,NA,NA,NA,NA,NA,NA
House,FL,9,Darren Soto,Thomas Chalifoux,Marcus Carter,NA,298769,38803,12.987625891575096,0,NA,7.270912397216951,14714,NA,NA,NA,NA,NA,NA,NA,NA,NA,NA
House,GA,1,Patti Hewitt,Earl Carter,Joyce Griggs,NA,213024,-34133,-16.02307721195734,0,NA,-18.294470857878885,-48291,NA,NA,NA,NA,NA,NA,NA,NA,NA,NA
House,GA,10,Lexy Doherty,Mike Collins,NA,NA,128851,-29401,-22.81782834436675,0,NA,-29.066085882391185,-89416,NA,NA,NA,NA,NA,NA,NA,NA,NA,NA
House,GA,11,Katy Stamper,Barry Loudermilk,NA,NA,216875,-37157,-17.13291066282421,0,NA,-25.197838350507315,-76515,NA,NA,NA,NA,NA,NA,NA,NA,NA,NA
House,GA,12,Liz Johnson,Rick Allen,NA,NA,102593,-2233,-2.176561753725888,0,NA,-19.19304662606761,-50899,NA,NA,NA,NA,NA,NA,NA,NA,NA,NA
House,GA,13,David Scott,Jonathan Chavez,NA,NA,66646,33480,50.235573027638566,0,NA,63.548689421652504,168160,NA,NA,NA,NA,NA,NA,NA,NA,NA,NA
House,GA,14,Shawn Harris,Marjorie Taylor Greene,NA,NA,87205,-49265,-56.49332033713663,0,NA,-31.729313995300966,-81973,NA,NA,NA,NA,NA,NA,NA,NA,NA,NA
House,GA,2,Sanford Bishop,A Wayne Johnson,Colleen Massey,NA,74314,-14057,-18.91568210565977,0,NA,9.948620203861772,24010,NA,NA,NA,NA,NA,NA,NA,NA,NA,NA
House,GA,3,Maura Keller,Brian Jack,George Cantrell,NA,166549,-50353,-30.233144600087662,0,NA,-37.49971826995212,-116467,NA,NA,NA,NA,NA,NA,NA,NA,NA,NA
House,GA,4,Hank Johnson,Eugene Yu,NA,NA,267741,229863,85.85274575055745,0,NA,56.970475340487745,157030,NA,NA,NA,NA,NA,NA,NA,NA,NA,NA
House,GA,5,Nikema Williams,John Salvesen,NA,NA,50811,37687,74.17094723583476,0,NA,64.95654175240983,191918,NA,NA,NA,NA,NA,NA,NA,NA,NA,NA
House,GA,6,Lucy McBath,Jeff Criswell,NA,NA,247239,140313,56.751968742795434,0,NA,-24.44345529897924,-81274,NA,NA,NA,NA,NA,NA,NA,NA,NA,NA
House,GA,7,Bob Christian,Rich McCormick,Charles King,NA,97310,-39104,-40.18497585037509,0,NA,21.74149821944443,51101,NA,NA,NA,NA,NA,NA,NA,NA,NA,NA
House,GA,8,Darrius Butler,Austin Scott,NA,NA,157824,-40650,-25.75653892944039,0,NA,-37.152418011712065,-96814,NA,NA,NA,NA,NA,NA,NA,NA,NA,NA
House,GA,9,Tambrei Cash,Andrew Clyde,NA,NA,172199,-51715,-30.032114007630707,0,NA,-44.70758623503254,-131502,NA,NA,NA,NA,NA,NA,NA,NA,NA,NA
House,HI,1,Ed Case,Patrick Largey,NA,NA,196382,178706,90.99917507714557,0,NA,45.62205378054927,92329,NA,NA,NA,NA,NA,NA,NA,NA,NA,NA
House,HI,2,Jill Tokuda,Steven Bond,NA,NA,227151,65095,28.657148768880614,0,NA,25.59301334193608,55533,NA,NA,NA,NA,NA,NA,NA,NA,NA,NA
House,IA,1,Christina Bohannan,Mariannette Miller-Meeks,NA,NA,375793,-78417,-20.867073096092795,0,NA,-6.7070020921042435,-20774,NA,NA,NA,NA,NA,NA,NA,NA,NA,NA
House,IA,2,Sarah Corkery,Ashley Hinson,Jody Puffett,NA,384876,-4088,-1.0621602801941405,0,NA,-8.1618751691254,-26241,NA,NA,NA,NA,NA,NA,NA,NA,NA,NA
House,IA,3,Lanon Baccam,Zach Nunn,NA,NA,377841,53343,14.117843219767044,0,NA,-0.6808680829992477,-2145,NA,NA,NA,NA,NA,NA,NA,NA,NA,NA
House,IA,4,Ryan Melton,Randy Feenstra,NA,NA,353708,-242996,-68.6996053241657,0,NA,-35.98196625535839,-102237,NA,NA,NA,NA,NA,NA,NA,NA,NA,NA
House,ID,1,Kaylee Peterson,Ross Fulcher,NA,NA,380682,-96784,-25.423844573686175,0,NA,-45.01315444146434,-140640,NA,NA,NA,NA,NA,NA,NA,NA,NA,NA
House,ID,2,David Roth,Mike Simpson,NA,NA,349122,-103998,-29.788440716998643,0,NA,-27.182081670882717,-73714,NA,NA,NA,NA,NA,NA,NA,NA,NA,NA
House,IL,1,Jonathan Jackson,Marcus Lewis,NA,NA,331004,113462,34.27813561165424,0,NA,34.067179109192374,80884,NA,NA,NA,NA,NA,NA,NA,NA,NA,NA
House,IL,10,Brad Schneider,Jim Carris,Joseph Severino,NA,319178,92120,28.8616383334691,0,NA,26.00169306051659,62967,NA,NA,NA,NA,NA,NA,NA,NA,NA,NA
House,IL,11,Bill Foster,Jerry Evans,NA,NA,342804,-140488,-40.98201887959301,0,NA,12.906021397133678,34103,NA,NA,NA,NA,NA,NA,NA,NA,NA,NA
House,IL,12,Brian Roberts,Mike Bost,NA,NA,337871,-205789,-60.90756531338884,0,NA,-50.0008586019899,-145588,NA,NA,NA,NA,NA,NA,NA,NA,NA,NA
House,IL,13,Nikki Budzinski,Joshua Loyd,NA,NA,304404,45590,14.97680713788255,0,NA,13.232980634857256,33142,NA,NA,NA,NA,NA,NA,NA,NA,NA,NA
House,IL,14,Lauren Underwood,James Marter,NA,NA,311999,140629,45.07354190237789,0,NA,8.322062552831783,19690,NA,NA,NA,NA,NA,NA,NA,NA,NA,NA
House,IL,15,NA,Mary Miller,NA,NA,0,0,NA,NA,NA,-42.28781942732705,-126611,NA,NA,NA,NA,NA,NA,NA,NA,NA,NA
House,IL,16,NA,Darin  LaHood,NA,NA,0,0,NA,NA,NA,-32.65558188396555,-97296,NA,NA,NA,NA,NA,NA,NA,NA,NA,NA
House,IL,17,Eric Sorensen,Joseph McGraw,NA,NA,282454,14176,5.018870329327961,0,NA,3.970007249391952,9255,NA,NA,NA,NA,NA,NA,NA,NA,NA,NA
House,IL,2,Robin Kelly,Ashley Ramos,NA,NA,296782,96242,32.42851655423846,0,NA,34.25504959961754,71653,NA,NA,NA,NA,NA,NA,NA,NA,NA,NA
House,IL,3,Delia Ramirez,John Booras,Angel Oakley,NA,261277,21008,8.040508732111897,0,NA,36.99897051626078,65769,NA,NA,NA,NA,NA,NA,NA,NA,NA,NA
House,IL,4,Jesus Garcia,Lupe Castillo,NA,NA,206352,-20992,-10.172908428316664,0,NA,40.34965087525461,53684,NA,NA,NA,NA,NA,NA,NA,NA,NA,NA
House,IL,5,Mike Quigley,Tom Hanson,NA,NA,347510,136292,39.21959080314235,0,NA,40.752868329994534,111887,NA,NA,NA,NA,NA,NA,NA,NA,NA,NA
House,IL,6,Sean Casten,Niki Conforti,NA,NA,359282,288666,80.3452441257842,0,NA,8.721045730859391,24145,NA,NA,NA,NA,NA,NA,NA,NA,NA,NA
House,IL,7,Danny Davis,Chad Koppie,NA,NA,269201,-43237,-16.0612330563408,0,NA,NA,NA,NA,NA,NA,NA,NA,NA,NA,NA,NA,NA
House,IL,8,Raja Krishnamoorthi,Mark Rice,NA,NA,297239,263159,88.53447898828888,0,NA,13.775547137031586,28545,NA,NA,NA,NA,NA,NA,NA,NA,NA,NA
House,IL,9,Jan Schakowsky,Seth Cohen,NA,NA,334613,222897,66.61337126770329,0,NA,43.388017403105415,108700,NA,NA,NA,NA,NA,NA,NA,NA,NA,NA
House,IN,1,Frank Mrvan,Randall Niemeyer,NA,NA,263102,15268,5.803072572614424,0,NA,5.681802192235715,12114,NA,NA,NA,NA,NA,NA,NA,NA,NA,NA
House,IN,2,Lori Camp,Rudy Yakym,NA,NA,273600,-64746,-23.664473684210527,0,NA,-32.16418564148542,-62422,NA,NA,NA,NA,NA,NA,NA,NA,NA,NA
House,IN,3,Kiley Adolph,Marlin Stutzman,NA,NA,300721,-87987,-29.258681635136888,0,NA,-35.229381468874976,-71002,NA,NA,NA,NA,NA,NA,NA,NA,NA,NA
House,IN,4,Derrick Holder,Jim Baird,NA,NA,311182,-96914,-31.143832226799752,0,NA,-36.43435947758703,-72030,NA,NA,NA,NA,NA,NA,NA,NA,NA,NA
House,IN,5,Deborah Pickett,Victoria Spartz,Robby Slaughter,NA,341939,-46592,-13.625822149564689,0,NA,-22.14125303634447,-53141,NA,NA,NA,NA,NA,NA,NA,NA,NA,NA
House,IN,6,Cynthia Wirth,Jefferson Shreve,NA,NA,302662,-96508,-31.886394724147728,0,NA,-35.05921746140014,-67848,NA,NA,NA,NA,NA,NA,NA,NA,NA,NA
House,IN,7,Andre Carson,John Schmitz,NA,NA,266403,107177,40.2311535530756,0,NA,36.350039958899416,63678,NA,NA,NA,NA,NA,NA,NA,NA,NA,NA
House,IN,8,Erik Hurt,Mark Messmer,NA,NA,221799,-91765,-41.373044964134195,0,NA,-34.20014812071839,-73886,NA,NA,NA,NA,NA,NA,NA,NA,NA,NA
House,IN,9,Timothy Peck,Erin Houchin,NA,NA,315848,-94824,-30.022035916010232,0,NA,-29.94815248850299,-67466,NA,NA,NA,NA,NA,NA,NA,NA,NA,NA
House,KS,1,Paul Buskirk,Tracey Mann,NA,100,280472,-149772,-53.39998288599219,0,NA,-35.332284785571986,-84241,NA,NA,NA,NA,NA,NA,NA,NA,NA,NA
House,KS,2,Nancy Boyda,Derek Schmidt,NA,100,278797,-58687,-21.05008303532678,0,NA,-15.278670540542857,-35654,NA,NA,NA,NA,NA,NA,NA,NA,NA,NA
House,KS,3,Sharice Davids,Prasanth Reddy,NA,100,348264,96988,27.848988123951944,0,NA,12.176810689890935,36688,NA,NA,NA,NA,NA,NA,NA,NA,NA,NA
House,KS,4,Esaua Freeman,Ron Estes,NA,100,289859,-257193,-88.73038270331438,0,NA,-26.684445221649035,-61038,NA,NA,NA,NA,NA,NA,NA,NA,NA,NA
House,KY,1,Erin Marshall,James Comer,NA,NA,252955,-103277,-40.828210551283824,0,NA,-49.80761252430265,-122456,NA,NA,NA,NA,NA,NA,NA,NA,NA,NA
House,KY,2,Hank Linderman,Brett  Guthrie,NA,NA,301810,-98328,-32.5794373943872,0,NA,-43.71564891931079,-103718,NA,NA,NA,NA,NA,NA,NA,NA,NA,NA
House,KY,3,Morgan McGarvey,Mike Craven,NA,NA,317579,279471,88.00046602577626,0,NA,23.99311213581574,62283,NA,NA,NA,NA,NA,NA,NA,NA,NA,NA
House,KY,4,NA,Thomas Massie,NA,NA,0,0,NA,NA,NA,-33.98840968990292,-87564,NA,NA,NA,NA,NA,NA,NA,NA,NA,NA
House,KY,5,NA,Hal Rogers,NA,NA,0,0,NA,NA,NA,-64.34688121329819,-139163,NA,NA,NA,NA,NA,NA,NA,NA,NA,NA
House,KY,6,Randy Cravens,Andy Barr,NA,NA,336273,-42189,-12.5460563292325,0,NA,-29.072839096014068,-71757,NA,NA,NA,NA,NA,NA,NA,NA,NA,NA
House,MA,1,Richard Neal,NA,NA,100,308783,308783,100,0,NA,22.472511008871574,59249,NA,NA,NA,NA,NA,NA,NA,NA,NA,NA
House,MA,2,Jim McGovern,NA,Cornelius Shea,100,352285,337914,95.92063244248264,0,NA,31.66447079490558,88683,NA,NA,NA,NA,NA,NA,NA,NA,NA,NA
House,MA,3,Lori Trahan,NA,NA,0,0,0,NA,NA,NA,26.218728743103316,65911,NA,NA,NA,NA,NA,NA,NA,NA,NA,NA
House,MA,4,Jake Auchincloss,NA,NA,0,0,0,NA,NA,NA,NA,NA,NA,NA,NA,NA,NA,NA,NA,NA,NA,NA
House,MA,5,Katherine Clark,NA,NA,0,0,0,NA,NA,NA,46.51170137706622,132503,NA,NA,NA,NA,NA,NA,NA,NA,NA,NA
House,MA,6,Seth Moulton,NA,NA,0,0,0,NA,NA,NA,27.040355135094973,87349,NA,NA,NA,NA,NA,NA,NA,NA,NA,NA
House,MA,7,Ayanna Pressley,NA,NA,0,0,0,NA,NA,NA,65.68824737923406,124696,NA,NA,NA,NA,NA,NA,NA,NA,NA,NA
House,MA,8,Stephen Lynch,Robert Burke,NA,100,365996,305896,83.57905550880338,0,NA,37.90142067516331,107861,NA,NA,NA,NA,NA,NA,NA,NA,NA,NA
House,MA,9,William  Keating,Dan Sullivan,NA,100,418408,228410,54.59025640045123,0,NA,17.951555678848315,61476,NA,NA,NA,NA,NA,NA,NA,NA,NA,NA
House,MD,1,Blane Miller,Andy Harris,NA,NA,368792,-21274,-5.768563309399336,0,NA,-11.304276685824147,-33162,NA,NA,NA,NA,NA,NA,NA,NA,NA,NA
House,MD,2,John Olszewski,Kim Klacik,NA,NA,350854,90442,25.77767390424507,0,NA,18.59786763226715,49923,NA,NA,NA,NA,NA,NA,NA,NA,NA,NA
House,MD,3,Sarah Elfreth,Robert Steinberger,NA,NA,362959,78443,21.612082907435827,0,NA,20.47756874095514,59713,NA,NA,NA,NA,NA,NA,NA,NA,NA,NA
House,MD,4,Glenn Ivey,George McDermott,NA,NA,254715,244243,95.88873839389122,0,NA,80.4498496959546,128727,NA,NA,NA,NA,NA,NA,NA,NA,NA,NA
House,MD,5,Steny Hoyer,Michelle Talkington,NA,NA,377014,181076,48.02898566100993,0,NA,31.950743897154418,88478,NA,NA,NA,NA,NA,NA,NA,NA,NA,NA
House,MD,6,April McClain-Delaney,Neil Parrott,NA,NA,335718,108614,32.35274843767686,0,NA,9.564817198262077,24524,NA,NA,NA,NA,NA,NA,NA,NA,NA,NA
House,MD,7,Kweisi Mfume,Scott Collier,NA,NA,263000,187040,71.11787072243347,0,NA,64.34110205031358,118903,NA,NA,NA,NA,NA,NA,NA,NA,NA,NA
House,MD,8,Jamie Raskin,Cheryl Riley,NA,NA,338125,187844,55.55460258780037,0,NA,62.026221963165106,163877,NA,NA,NA,NA,NA,NA,NA,NA,NA,NA
House,ME,1,Chellie Pingree,Ronald Russell,Ethan Alcorn,NA,32972,17298,52.46269562052651,0,NA,25.266796597959445,90490,NA,NA,NA,NA,NA,NA,NA,NA,NA,NA
House,ME,2,Jared Golden,Austin Theriault,NA,0,12132,-394,-3.247609627431586,0,NA,6.003502095568016,18994,NA,NA,NA,NA,NA,NA,NA,NA,NA,NA
House,MI,1,Callie Barr,John Bergman,NA,100,397922,-68806,-17.291328451304526,0,NA,-22.565935578835767,-87691,NA,NA,NA,NA,NA,NA,NA,NA,NA,NA
House,MI,10,Carl Marlinga,John James,NA,100,369782,-71272,-19.274058769761645,0,NA,-0.4904409984152625,-1600,NA,NA,NA,NA,NA,NA,NA,NA,NA,NA
House,MI,11,Haley Stevens,Nick Somberg,NA,100,410994,41112,10.00306573818596,0,NA,22.637835594067383,82895,NA,NA,NA,NA,NA,NA,NA,NA,NA,NA
House,MI,12,Rashida Tlaib,James Hooper,NA,100,322262,130491,40.49220820326318,0,NA,44.584025333511065,123755,NA,NA,NA,NA,NA,NA,NA,NA,NA,NA
House,MI,13,Shri Thanedar,Martell Bivings,NA,NA,280870,79826,28.420977676505146,0,NA,47.11700875262323,110463,NA,NA,NA,NA,NA,NA,NA,NA,NA,NA
House,MI,2,Michael Lynch,John Moolenaar,NA,100,363553,-60315,-16.590428355700546,0,NA,-29.385516654345388,-99770,NA,NA,NA,NA,NA,NA,NA,NA,NA,NA
House,MI,3,Hillary Scholten,Paul Hudson,NA,NA,358654,-1130,-0.3150668889793506,0,NA,12.909011528431686,43760,NA,NA,NA,NA,NA,NA,NA,NA,NA,NA
House,MI,4,Jessica Swartz,Bill Huizenga,NA,NA,365422,-8756,-2.3961337850485194,0,NA,-11.894853819144783,-40246,NA,NA,NA,NA,NA,NA,NA,NA,NA,NA
House,MI,5,Libbi Urban,Tim Walberg,NA,100,359318,-68773,-19.13987053250881,0,NA,-27.445801209110567,-87074,NA,NA,NA,NA,NA,NA,NA,NA,NA,NA
House,MI,6,Debbie Dingell,Heather Smiley,NA,100,393747,186241,47.29966196567847,0,NA,31.77525774881652,116592,NA,NA,NA,NA,NA,NA,NA,NA,NA,NA
House,MI,7,Curtis Hertel,Tom Barrett,NA,100,394220,41580,10.547410075592309,0,NA,5.415767839702931,20185,NA,NA,NA,NA,NA,NA,NA,NA,NA,NA
House,MI,8,Kristen McDonald Rivet,Paul Junge,NA,NA,362896,-42449,-11.697290683832282,0,NA,10.26474783297452,34472,NA,NA,NA,NA,NA,NA,NA,NA,NA,NA
House,MI,9,Clinton St. Mosley,Lisa McClain,NA,100,409803,-66195,-16.152883214617756,0,NA,-30.729750457200165,-114598,NA,NA,NA,NA,NA,NA,NA,NA,NA,NA
House,MN,1,Rachel Bohman,Brad Finstad,NA,NA,341473,-187371,-54.871395395829246,0,NA,NA,NA,NA,NA,NA,NA,NA,NA,NA,NA,NA,NA
House,MN,2,Angie Craig,Joe Teirab,NA,NA,377980,68044,18.00201068839621,0,NA,5.225334283747911,17007,NA,NA,NA,NA,NA,NA,NA,NA,NA,NA
House,MN,3,Kelly Morrison,Tad Jude,NA,NA,386462,285580,73.89601047450978,0,NA,19.191964566469316,64086,NA,NA,NA,NA,NA,NA,NA,NA,NA,NA
House,MN,4,Betty McCollum,May Lor Xiong,NA,NA,342360,249632,72.91506017058067,0,NA,35.328222506782716,104562,NA,NA,NA,NA,NA,NA,NA,NA,NA,NA
House,MN,5,Ilhan Omar,Dalia Al-Aqidi,NA,NA,322759,292045,90.48392143983591,0,NA,49.79840808310722,143522,NA,NA,NA,NA,NA,NA,NA,NA,NA,NA
House,MN,6,Jeanne Hendricks,Tom Emmer,NA,NA,385401,-319961,-83.02028277041316,0,NA,NA,NA,NA,NA,NA,NA,NA,NA,NA,NA,NA,NA
House,MN,7,John Peters,Michelle Fischbach,NA,NA,357230,-230100,-64.41228340284971,0,NA,NA,NA,NA,NA,NA,NA,NA,NA,NA,NA,NA,NA
House,MN,8,Jennifer Schultz,Peter Stauber,NA,NA,381848,-78828,-20.643816387672583,0,NA,NA,NA,NA,NA,NA,NA,NA,NA,NA,NA,NA,NA
House,MO,1,Wesley Bell,Andrew Jones,NA,100,280527,33902,12.085111237064526,0,NA,48.530489957367465,107232,NA,NA,NA,NA,NA,NA,NA,NA,NA,NA
House,MO,2,Ray Hartmann,Ann Wagner,NA,100,391784,48839,12.465797480244216,0,NA,-11.842263658423777,-37382,NA,NA,NA,NA,NA,NA,NA,NA,NA,NA
House,MO,3,Bethany Mann,Bob Onder,NA,100,358241,-101261,-28.26616718912687,0,NA,-30.22186839194948,-83895,NA,NA,NA,NA,NA,NA,NA,NA,NA,NA
House,MO,4,Jeanette Cass,Mark Alford,NA,100,313778,-127178,-40.531203589799155,0,NA,-45.01389765523622,-114821,NA,NA,NA,NA,NA,NA,NA,NA,NA,NA
House,MO,5,Emanuel Cleaver,Sean Smith,NA,NA,249895,2050,0.8203445447087777,0,NA,24.584155624471386,56680,NA,NA,NA,NA,NA,NA,NA,NA,NA,NA
House,MO,6,Pam May,Sam Graves,NA,0,2480,-1479,-59.63709677419355,0,NA,-42.83584133408396,-112612,NA,NA,NA,NA,NA,NA,NA,NA,NA,NA
House,MO,7,Missi Hesketh,Eric Burlison,NA,100,313422,-122168,-38.97875707512555,0,NA,-44.0993542292625,-111107,NA,NA,NA,NA,NA,NA,NA,NA,NA,NA
House,MO,8,Randi McCallian,Jason Smith,NA,100,319635,-163405,-51.12237395779561,0,NA,-54.08993663277573,-132734,NA,NA,NA,NA,NA,NA,NA,NA,NA,NA
House,MS,1,Dianne Black,Trent Kelly,NA,NA,296981,-203579,-68.54950316686926,0,NA,-45.94865851400032,-76913,NA,NA,NA,NA,NA,NA,NA,NA,NA,NA
House,MS,2,Bennie  Thompson,Ronald Eller,NA,NA,288366,109174,37.85952574159228,0,NA,20.203808646326504,36401,NA,NA,NA,NA,NA,NA,NA,NA,NA,NA
House,MS,3,NA,Michael Guest,NA,NA,0,0,NA,NA,NA,-41.47604707289464,-77678,NA,NA,NA,NA,NA,NA,NA,NA,NA,NA
House,MS,4,Craig Raybon,Mike Ezell,NA,NA,13470,-6402,-47.52783964365256,0,NA,-48.74209505445948,-84937,NA,NA,NA,NA,NA,NA,NA,NA,NA,NA
House,MT,1,Monica Tranel,Ryan Zinke,NA,NA,268003,-10833,-4.042118931504498,0,NA,-3.160590417809324,-7837,NA,NA,NA,NA,NA,NA,NA,NA,NA,NA
House,MT,2,John Driscoll,Troy Downing,NA,NA,253893,-211049,-83.12517477835151,0,NA,-36.3973997551838,-78499,NA,NA,NA,NA,NA,NA,NA,NA,NA,NA
House,NC,1,Don Davis,Laurie Buckhout,NA,NA,70785,3219,4.54757363848273,0,NA,4.738998199987586,12216,NA,NA,NA,NA,NA,NA,NA,NA,NA,NA
House,NC,10,Ralph Scott,Patrick Harrigan,NA,NA,177987,-30085,-16.90291987617073,0,NA,-45.30344099892993,-121507,NA,NA,NA,NA,NA,NA,NA,NA,NA,NA
House,NC,11,Caleb Rudow,Chuck Edwards,NA,NA,26129,-6193,-23.701634199548394,0,NA,-9.282459433426364,-30067,NA,NA,NA,NA,NA,NA,NA,NA,NA,NA
House,NC,12,Alma Adams,Addul Ali,NA,NA,293515,270037,92.00109023388924,0,NA,25.492613037497545,57080,NA,NA,NA,NA,NA,NA,NA,NA,NA,NA
House,NC,13,Frank Pierce,Brad Knott,NA,NA,359272,-146130,-40.673918368255805,0,NA,3.1851910609851952,8834,NA,NA,NA,NA,NA,NA,NA,NA,NA,NA
House,NC,14,Pam Genant,Tim Moore,NA,0,48147,6581,13.668556711736972,0,NA,15.411713585151618,39724,NA,NA,NA,NA,NA,NA,NA,NA,NA,NA
House,NC,2,Deborah Ross,Alan Swain,NA,NA,343386,62419,18.177502868492017,0,NA,29.35506953935477,86559,NA,NA,NA,NA,NA,NA,NA,NA,NA,NA
House,NC,3,NA,Greg Murphy,NA,0,9626,-9626,-100,0,NA,-33.805816037091496,-84142,NA,NA,NA,NA,NA,NA,NA,NA,NA,NA
House,NC,4,Valerie Foushee,Eric Blankenburg,NA,NA,350339,139751,39.89022061489015,0,NA,33.81350261645363,98541,NA,NA,NA,NA,NA,NA,NA,NA,NA,NA
House,NC,5,Chuck Hubbard,Virginia  Foxx,NA,NA,91224,-48040,-52.66158028588968,0,NA,-26.305359793621285,-73010,NA,NA,NA,NA,NA,NA,NA,NA,NA,NA
House,NC,6,NA,Addison McDowell,NA,NA,328501,-328501,-100,0,NA,8.848716978509486,22918,NA,NA,NA,NA,NA,NA,NA,NA,NA,NA
House,NC,7,Marlando Pridgen,David  Rouzer,NA,100,365616,-123160,-33.68561550916809,0,NA,-15.416735556814144,-43825,NA,NA,NA,NA,NA,NA,NA,NA,NA,NA
House,NC,8,Justin Dues,Mark Harris,NA,NA,78325,-5405,-6.9007341206511335,0,NA,-39.82142178654204,-104806,NA,NA,NA,NA,NA,NA,NA,NA,NA,NA
House,NC,9,Nigel Bristow,Richard  Hudson,Shelane Etchison,NA,35400,-5648,-15.954802259887005,0,NA,-13.002514452730438,-30251,NA,NA,NA,NA,NA,NA,NA,NA,NA,NA
House,ND,1,Trygve Hammer,Julie Fedorchak,NA,NA,327318,-268262,-81.95760697547951,0,NA,NA,NA,NA,NA,NA,NA,NA,NA,NA,NA,NA,NA
House,NE,1,Carol Blood,Mike Flood,NA,NA,282256,23200,8.219488691117284,0,NA,-15.821029283265744,-35307,NA,NA,NA,NA,NA,NA,NA,NA,NA,NA
House,NE,2,Tony Vargas,Don Bacon,NA,NA,276461,169069,61.154737919634236,0,NA,-2.6682462295530143,-5856,NA,NA,NA,NA,NA,NA,NA,NA,NA,NA
House,NE,3,Daniel Ebers,Adrian Smith,NA,NA,284772,-264296,-92.80968634556768,0,NA,-62.50861474844935,-137864,NA,NA,NA,NA,NA,NA,NA,NA,NA,NA
House,NH,1,Chris Pappas,Russell Prescott,NA,0,174669,12365,7.079103905100505,0,NA,8.117769274943381,25162,NA,NA,NA,NA,NA,NA,NA,NA,NA,NA
House,NH,2,Maggie Goodlander,Lily Williams,Ryan Donnelly,0,179823,14381,7.997308464434472,0,NA,11.722651373283396,36057,NA,NA,NA,NA,NA,NA,NA,NA,NA,NA
House,NJ,1,Donald Norcross,Theodore Liddell,Austin Johnson,NA,373577,88335,23.645727654539762,0,NA,27.141287452430724,60765,NA,NA,NA,NA,NA,NA,NA,NA,NA,NA
House,NJ,10,LaMonica McIver,Carmen Bucco,NA,NA,226139,109122,48.25439221010087,0,NA,57.60444694580863,74717,NA,NA,NA,NA,NA,NA,NA,NA,NA,NA
House,NJ,11,Mikie Sherrill,Joseph Belnome,NA,NA,384772,70595,18.3472290083478,0,NA,18.81285079513564,51484,NA,NA,NA,NA,NA,NA,NA,NA,NA,NA
House,NJ,12,Bonnie Coleman,Darius Mayfield,NA,NA,320567,70840,22.098344495846423,0,NA,27.21728119781866,53952,NA,NA,NA,NA,NA,NA,NA,NA,NA,NA
House,NJ,2,Joe Salerno,Jeff Van Drew,NA,NA,383882,21978,5.725196805268285,0,NA,-18.899798717883662,-44695,NA,NA,NA,NA,NA,NA,NA,NA,NA,NA
House,NJ,3,Herbert Conaway,Rajesh Mohan,NA,NA,377516,76442,20.2486782017186,0,NA,11.822342432639584,32083,NA,NA,NA,NA,NA,NA,NA,NA,NA,NA
House,NJ,4,Matthew Jenkins,Chris Smith,NA,NA,388104,-150070,-38.66747057489745,0,NA,-35.54768653315931,-92055,NA,NA,NA,NA,NA,NA,NA,NA,NA,NA
House,NJ,5,Josh Gottheimer,Mary Jo Guinchard,NA,NA,372542,47653,12.791309436251483,0,NA,10.410501498441397,27686,NA,NA,NA,NA,NA,NA,NA,NA,NA,NA
House,NJ,6,Frank Pallone,Scott Fegler,NA,NA,294702,36773,12.478028652672869,0,NA,16.439089547315312,30399,NA,NA,NA,NA,NA,NA,NA,NA,NA,NA
House,NJ,7,Susan Altman,Thomas Kean,NA,NA,419518,52099,12.418775833218122,0,NA,-2.802707574824327,-8691,NA,NA,NA,NA,NA,NA,NA,NA,NA,NA
House,NJ,8,Robert Menendez,Anthony Valdes,NA,NA,190688,87999,46.148158248028196,0,NA,50.177040188592414,53425,NA,NA,NA,NA,NA,NA,NA,NA,NA,NA
House,NJ,9,Nellie Pou,Billy Prempeh,NA,NA,274502,18078,6.585744366161267,0,NA,11.395882227437593,17092,NA,NA,NA,NA,NA,NA,NA,NA,NA,NA
House,NM,1,Melanie Ann Stansbury,Steve Jones,NA,NA,310415,-87145,-28.073707778296797,0,NA,11.512055039530267,32311,NA,NA,NA,NA,NA,NA,NA,NA,NA,NA
House,NM,2,Gabriel Vasquez,Yvette Herrell,NA,NA,227190,88978,39.16457590562965,0,NA,0.7006690091502182,1350,NA,NA,NA,NA,NA,NA,NA,NA,NA,NA
House,NM,3,Teresa Fernandez,Sharon Clahchischilliage,NA,NA,255675,43015,16.824093086926762,0,NA,16.314963905330572,37652,NA,NA,NA,NA,NA,NA,NA,NA,NA,NA
House,NV,1,Dina Titus,Mark Robertson,Ron Quince,NA,244843,-42457,-17.340499830503628,0,NA,5.609563670887769,12585,NA,NA,NA,NA,NA,NA,NA,NA,NA,NA
House,NV,2,NA,Mark Amodei,Greg Kidd,NA,317199,-263413,-83.04345221769299,0,NA,-21.931220168889975,-68096,NA,NA,NA,NA,NA,NA,NA,NA,NA,NA
House,NV,3,Susie Lee,Drew Johnson,NA,NA,299883,257599,85.89983426869813,0,NA,3.966784180450412,10003,NA,NA,NA,NA,NA,NA,NA,NA,NA,NA
House,NV,4,Steven Horsford,John Lee,NA,NA,259437,51567,19.876501809687902,0,NA,4.830394584852149,10747,NA,NA,NA,NA,NA,NA,NA,NA,NA,NA
House,NY,1,John Avlon,Nicholas LaLota,Patrick Denman,NA,393416,7861,1.9981393740976472,0,NA,-5.771559262747209,-18876,NA,NA,NA,NA,NA,NA,NA,NA,NA,NA
House,NY,10,Daniel Goldman,Alexander Dodenhoff,NA,NA,226526,154300,68.11580127667465,0,NA,66.22982125453295,133871,NA,NA,NA,NA,NA,NA,NA,NA,NA,NA
House,NY,11,Andrea Morse,Nicole Malliotakis,NA,NA,258624,-74294,-28.72664563226924,0,NA,-18.938367097020667,-36188,NA,NA,NA,NA,NA,NA,NA,NA,NA,NA
House,NY,12,Jerrold Nadler,Mike Zumbluskas,NA,NA,275237,264233,96.00199101138291,0,NA,57.30410470053131,143878,NA,NA,NA,NA,NA,NA,NA,NA,NA,NA
House,NY,13,Adriano Espaillat,Ruben Vargas,NA,NA,225009,214207,95.19930313898556,0,NA,NA,NA,NA,NA,NA,NA,NA,NA,NA,NA,NA,NA
House,NY,14,Alexandria Ocasio-Cortez,Tina Forte,NA,NA,196213,186553,95.07677880670497,0,NA,34.35659395343525,42115,NA,NA,NA,NA,NA,NA,NA,NA,NA,NA
House,NY,15,Ritchie Torres,Gonzalo Duran,NA,NA,182860,134350,73.47150825768347,0,NA,59.49357134431643,60524,NA,NA,NA,NA,NA,NA,NA,NA,NA,NA
House,NY,16,George Latimer,Miriam Flisser,NA,NA,302653,285043,94.18145533003143,0,NA,23.857723705645835,52868,NA,NA,NA,NA,NA,NA,NA,NA,NA,NA
House,NY,17,Mondaire Jones,Michael Lawler,NA,NA,344336,89156,25.892151851679756,0,NA,2.6497727491177723,7719,NA,NA,NA,NA,NA,NA,NA,NA,NA,NA
House,NY,18,Pat Ryan,Alison Esposito,NA,NA,331201,239279,72.24585674560161,0,NA,2.2727856296562576,6196,NA,NA,NA,NA,NA,NA,NA,NA,NA,NA
House,NY,19,Josh Riley,Marcus Molinaro,NA,NA,340482,102948,30.235959610199657,0,NA,-1.9017215980750368,-5564,NA,NA,NA,NA,NA,NA,NA,NA,NA,NA
House,NY,2,Rob Lubin,Andrew Garbarino,NA,NA,334203,-86561,-25.900725008452945,0,NA,-14.641355318077284,-37499,NA,NA,NA,NA,NA,NA,NA,NA,NA,NA
House,NY,20,Paul Tonko,Kevin Waltz,NA,NA,348169,220421,63.30862311119026,0,NA,11.843893927404793,35025,NA,NA,NA,NA,NA,NA,NA,NA,NA,NA
House,NY,21,Paula Collins,Elise Stefanik,NA,NA,313771,-48257,-15.37968773404808,0,NA,-13.10351257004941,-37950,NA,NA,NA,NA,NA,NA,NA,NA,NA,NA
House,NY,22,John Mannion,Brandon Williams,Christopher Gowett,NA,331826,9754,2.939492384562994,0,NA,5.979976713713724,16384,NA,NA,NA,NA,NA,NA,NA,NA,NA,NA
House,NY,23,Thomas Carle,Nick Langworthy,NA,NA,361331,-274257,-75.90187390508979,0,NA,-19.235870197239045,-58886,NA,NA,NA,NA,NA,NA,NA,NA,NA,NA
House,NY,24,David Wagenhauser,Claudia Tenney,NA,NA,341596,-201586,-59.01298610053982,0,NA,-21.475877769021977,-61319,NA,NA,NA,NA,NA,NA,NA,NA,NA,NA
House,NY,25,Joseph Morelle,Gregg Sadwick,NA,NA,342806,40776,11.894774303833655,0,NA,11.181094073476263,31865,NA,NA,NA,NA,NA,NA,NA,NA,NA,NA
House,NY,26,Timothy Kennedy,Anthony Marecki,NA,NA,316054,-209974,-66.43611534737735,0,NA,28.41026661360923,71395,NA,NA,NA,NA,NA,NA,NA,NA,NA,NA
House,NY,3,Tom Suozzi,Michael LiPetri Jr.,Jacob Soto,NA,349541,86523,24.753319353094486,0,NA,-4.937592039231946,-13814,NA,NA,NA,NA,NA,NA,NA,NA,NA,NA
House,NY,4,Laura Gillen,Anthony D'Esposito,NA,NA,355863,249105,70.00025290631507,0,NA,0.5449689102057814,1518,NA,NA,NA,NA,NA,NA,NA,NA,NA,NA
House,NY,5,Gregory Meeks,Paul King,Khalif Havens,NA,235624,84827,36.00100159576274,0,NA,50.57720557665124,72991,NA,NA,NA,NA,NA,NA,NA,NA,NA,NA
House,NY,6,Grace Meng,Thomas Zmich,Joseph Chou,NA,201082,98521,48.995434698282295,0,NA,29.62045725241844,40785,NA,NA,NA,NA,NA,NA,NA,NA,NA,NA
House,NY,7,Nydia Velaquez,William Kregler,NA,NA,207667,195969,94.36694323123076,0,NA,45.12591415565556,69294,NA,NA,NA,NA,NA,NA,NA,NA,NA,NA
House,NY,8,Hakeem Jeffries,John Delaney,NA,NA,228834,215108,94.00176547191414,0,NA,43.123425344001774,62303,NA,NA,NA,NA,NA,NA,NA,NA,NA,NA
House,NY,9,Yvette Clarke,Menachem Raitport,Joel Anabilah-Azumah,NA,230847,120042,52.00067577226475,0,NA,NA,NA,NA,NA,NA,NA,NA,NA,NA,NA,NA,NA
House,OH,1,Greg Landsman,Orlando Sonza,NA,NA,93994,26918,28.637998170095962,0,NA,5.5175158698570534,16358,NA,NA,NA,NA,NA,NA,NA,NA,NA,NA
House,OH,10,Amy Cox,Michael Turner,Michael Harbaugh,NA,132724,-1101,-0.8295410023808806,0,NA,-23.334102674008378,-63693,NA,NA,NA,NA,NA,NA,NA,NA,NA,NA
House,OH,11,Shontel Brown,Alan Rapoport,Tony Evans,NA,183736,107551,58.535616319066484,0,NA,55.50693060127023,119734,NA,NA,NA,NA,NA,NA,NA,NA,NA,NA
House,OH,12,Jerrad Christian,Troy Balderson,NA,NA,35525,-6047,-17.021815622800844,0,NA,-38.53611210663307,-106451,NA,NA,NA,NA,NA,NA,NA,NA,NA,NA
House,OH,13,Emilia Sykes,Kevin Coughlin,NA,NA,360470,9390,2.6049324493022996,0,NA,5.352502909542244,15223,NA,NA,NA,NA,NA,NA,NA,NA,NA,NA
House,OH,14,Brian Kenderes,David Joyce,NA,NA,95149,-7851,-8.251269062207696,0,NA,-23.4826346337719,-69750,NA,NA,NA,NA,NA,NA,NA,NA,NA,NA
House,OH,15,Adam Miller,Mike Carey,NA,NA,14805,-6569,-44.37014522120905,0,NA,-13.9195465888693,-34973,NA,NA,NA,NA,NA,NA,NA,NA,NA,NA
House,OH,2,Samantha Meadows,David Taylor,NA,NA,47664,-24028,-50.41121181604565,0,NA,-49.00760872094376,-126372,NA,NA,NA,NA,NA,NA,NA,NA,NA,NA
House,OH,3,Joyce Beatty,Michael Young,NA,NA,192406,83010,43.14314522416141,0,NA,40.90812490098417,105869,NA,NA,NA,NA,NA,NA,NA,NA,NA,NA
House,OH,4,Tamie Wilson,Jim Jordan,NA,NA,27187,-11953,-43.96586603891566,0,NA,-38.38969381987621,-111390,NA,NA,NA,NA,NA,NA,NA,NA,NA,NA
House,OH,5,Keith  Mundy,Bob Latta,NA,NA,9531,-5351,-56.14311195047739,0,NA,-33.81796618524882,-94669,NA,NA,NA,NA,NA,NA,NA,NA,NA,NA
House,OH,6,Michael Kripchak,Michael Rulli,William Farms,NA,94952,-33364,-35.13775381245261,0,NA,-35.445444267305795,-99383,NA,NA,NA,NA,NA,NA,NA,NA,NA,NA
House,OH,7,Matthew Diemer,Max Miller,Dennis Kucinich,NA,119469,-4678,-3.9156601294059548,0,NA,-10.71142690555484,-32517,NA,NA,NA,NA,NA,NA,NA,NA,NA,NA
House,OH,8,Vanessa Enoch,Warren Davidson,NA,NA,107350,-33518,-31.223102002794597,0,NA,-29.276914913450646,-81658,NA,NA,NA,NA,NA,NA,NA,NA,NA,NA
House,OH,9,Marcy Kaptur,Derek Merrin,NA,NA,6043,-2181,-36.09134535826576,0,NA,13.267197209200916,35293,NA,NA,NA,NA,NA,NA,NA,NA,NA,NA
House,OK,1,Dennis Baker,Kevin Hern,Mark Sanders,NA,279818,-131158,-46.87261005367775,0,NA,-26.478511317158823,-61826,NA,NA,NA,NA,NA,NA,NA,NA,NA,NA
House,OK,2,Brandon Wade,Josh Brecheen,Ronnie Hopkins,NA,280654,-144770,-51.583088072858395,0,NA,-49.055992955557855,-113649,NA,NA,NA,NA,NA,NA,NA,NA,NA,NA
House,OK,3,NA,Frank Lucas,NA,NA,0,0,NA,NA,NA,-49.07873713164654,-97064,NA,NA,NA,NA,NA,NA,NA,NA,NA,NA
House,OK,4,Mary Brannon,Tom Cole,James Stacy,NA,6418,-2819,-43.9233406045497,0,NA,-33.49514130734905,-75212,NA,NA,NA,NA,NA,NA,NA,NA,NA,NA
House,OK,5,Madison Horn,Stephanie Bice,NA,NA,299870,-257564,-85.89188648414313,0,NA,-21.59752111457118,-55900,NA,NA,NA,NA,NA,NA,NA,NA,NA,NA
House,OR,1,Suzanne Bonamici,Bob Todd,NA,NA,295979,119491,40.371445271455066,0,NA,35.98469586743295,111640,NA,NA,NA,NA,NA,NA,NA,NA,NA,NA
House,OR,2,Dan Ruby,Cliff Bentz,NA,NA,287277,-53265,-18.541338150983197,0,NA,-35.14591351449416,-108487,NA,NA,NA,NA,NA,NA,NA,NA,NA,NA
House,OR,3,Maxine Dexter,Joanna Harbour,David Walker,NA,246821,126335,51.184866765793835,0,NA,43.63276124667858,132353,NA,NA,NA,NA,NA,NA,NA,NA,NA,NA
House,OR,4,Val Hoyle,Monique DeSpain,NA,NA,273224,25492,9.330073492811758,0,NA,7.46644567458129,25317,NA,NA,NA,NA,NA,NA,NA,NA,NA,NA
House,OR,5,Janelle Bynum,Lori Chavez-DeRemer,Andrew Aasen,66.66666666666667,320183,10051,3.1391423029954746,0,NA,-2.0781076948919948,-7299,NA,NA,NA,NA,NA,NA,NA,NA,NA,NA
House,OR,6,Andrea Salinas,Mike Erickson,NA,NA,266065,66247,24.898802924097495,0,NA,2.449240259938786,7210,NA,NA,NA,NA,NA,NA,NA,NA,NA,NA
House,PA,1,Ashley Ehasz,Brian Fitzpatrick,NA,NA,419330,174798,41.6850690387046,0,NA,-9.734335020959223,-35762,NA,NA,NA,NA,NA,NA,NA,NA,NA,NA
House,PA,10,Janelle Stelson,Scott Perry,NA,NA,358843,-161265,-44.94026635603871,0,NA,-7.666923120942565,-24116,NA,NA,NA,NA,NA,NA,NA,NA,NA,NA
House,PA,11,James Atkinson,Lloyd Smucker,NA,NA,357539,-317613,-88.83310631847155,0,NA,-23.09027668183798,-73156,NA,NA,NA,NA,NA,NA,NA,NA,NA,NA
House,PA,12,Summer Lee,James Hayes,NA,NA,3590,-410,-11.420612813370473,0,NA,12.393646156655103,40728,NA,NA,NA,NA,NA,NA,NA,NA,NA,NA
House,PA,13,Elizabeth Farnham,John Joyce,NA,NA,8976,-6180,-68.85026737967914,0,NA,NA,NA,NA,NA,NA,NA,NA,NA,NA,NA,NA,NA
House,PA,14,Christopher Dziados,Guy Reschenthaler,Adam Halfhill,NA,372498,-130136,-34.93602650215572,0,NA,NA,NA,NA,NA,NA,NA,NA,NA,NA,NA,NA,NA
House,PA,15,Zacheray Womer,Glenn Thompson,NA,NA,343602,-302602,-88.06758982776584,0,NA,-39.878615482424806,-121688,NA,NA,NA,NA,NA,NA,NA,NA,NA,NA
House,PA,16,Preston Nouri,George Kelly,NA,NA,365880,-127122,-34.74417841915382,0,NA,-18.724317655745217,-60103,NA,NA,NA,NA,NA,NA,NA,NA,NA,NA
House,PA,17,Christopher Deluzio,Robert Mercuri,NA,NA,399608,27420,6.8617244900002,0,NA,6.784363038706332,24602,NA,NA,NA,NA,NA,NA,NA,NA,NA,NA
House,PA,2,Brendan  Boyle,Aaron Bashir,NA,NA,260255,244643,94.00126798716643,0,NA,51.3035466539535,95775,NA,NA,NA,NA,NA,NA,NA,NA,NA,NA
House,PA,3,Dwight Evans,NA,NA,NA,0,0,NA,NA,NA,NA,NA,NA,NA,NA,NA,NA,NA,NA,NA,NA,NA
House,PA,4,Madeleine Dean,David Winkler,Chuck Keller,NA,417701,79381,19.00426381550439,0,NA,22.578077075125755,82813,NA,NA,NA,NA,NA,NA,NA,NA,NA,NA
House,PA,5,Mary Gay Scanlon,Alfeia Devaughn-Goodwin,NA,NA,371085,325565,87.73326865812415,0,NA,30.163141763910833,95070,NA,NA,NA,NA,NA,NA,NA,NA,NA,NA
House,PA,6,Christina Houlahan,Neil Carlin Young,NA,NA,373654,-274380,-73.43157038329578,0,NA,16.62843088307814,54289,NA,NA,NA,NA,NA,NA,NA,NA,NA,NA
House,PA,7,Susan Wild,Ryan Mackenzie,Lewis Shupe,NA,354656,29179,8.227409095010376,0,NA,1.9660414091366865,5837,NA,NA,NA,NA,NA,NA,NA,NA,NA,NA
House,PA,8,Matthew Cartwright,Robert Bresnahan,NA,NA,39794,4582,11.514298637985625,0,NA,2.4490564196231257,7026,NA,NA,NA,NA,NA,NA,NA,NA,NA,NA
House,PA,9,Amanda Waldman,Daniel Meuser,NA,NA,348715,-318365,-91.29661758169279,0,NA,-38.62170194859629,-116563,NA,NA,NA,NA,NA,NA,NA,NA,NA,NA
House,RI,1,Gabe Amo,Allen Waters,Christopher Reynolds,NA,209860,42452,20.228723911178882,0,NA,28.2408411703906,44263,NA,NA,NA,NA,NA,NA,NA,NA,NA,NA
House,RI,2,Seth Magaziner,Steven Corvi,NA,NA,248698,85742,34.47635284561999,0,NA,3.7112920149784423,7463,NA,NA,NA,NA,NA,NA,NA,NA,NA,NA
House,SC,1,Michael Moore,Nancy Mace,NA,NA,315354,-28980,-9.189672558458113,0,NA,-13.921395330074336,-37961,NA,NA,NA,NA,NA,NA,NA,NA,NA,NA
House,SC,2,David Robinson,Joe Wilson,NA,NA,240014,-51894,-21.62123876107227,0,NA,-20.15959305396423,-49618,NA,NA,NA,NA,NA,NA,NA,NA,NA,NA
House,SC,3,Bryon Best,Sheri Biggs,NA,NA,138758,-41352,-29.80152495711959,0,NA,NA,NA,NA,NA,NA,NA,NA,NA,NA,NA,NA,NA
House,SC,4,Kathryn Harvey,William Timmons,NA,NA,219904,-45588,-20.73086437718277,0,NA,NA,NA,NA,NA,NA,NA,NA,NA,NA,NA,NA,NA
House,SC,5,Evangeline Hundley,Ralph Norman,NA,NA,151771,-19141,-12.611763775688372,0,NA,-29.550654304591923,-71426,NA,NA,NA,NA,NA,NA,NA,NA,NA,NA
House,SC,6,Jim Clyburn,Duke Buckner,NA,NA,171107,54371,31.776023190167557,0,NA,24.188259377902455,51044,NA,NA,NA,NA,NA,NA,NA,NA,NA,NA
House,SC,7,Mal Hyman,Russell Fry,NA,NA,124618,-26174,-21.00338634868157,0,NA,-29.704764343253306,-75410,NA,NA,NA,NA,NA,NA,NA,NA,NA,NA
House,SD,1,Sheryl Johnson,Dusty Johnson,NA,NA,373116,-280352,-75.13802677987543,0,NA,NA,NA,NA,NA,NA,NA,NA,NA,NA,NA,NA,NA
House,TN,1,Kevin Jenkins,Diana Harshbarger,Richard Baker,NA,289550,-146761,-50.68589190122604,0,NA,-58.61183066227667,-110192,NA,NA,NA,NA,NA,NA,NA,NA,NA,NA
House,TN,2,Jane George,Tim Burchett,NA,NA,311435,-266503,-85.5725913914621,0,NA,-35.81790702823423,-74416,NA,NA,NA,NA,NA,NA,NA,NA,NA,NA
House,TN,3,Jack Allen,Charles Fleischmann,Stephen King,NA,82432,-20079,-24.358258928571427,0,NA,-38.184957213631584,-76305,NA,NA,NA,NA,NA,NA,NA,NA,NA,NA
House,TN,4,Victoria Broderick,Scott DesJarlais,Keith Nolan,NA,282529,-69626,-24.64384187109996,0,NA,-44.830687800181046,-77753,NA,NA,NA,NA,NA,NA,NA,NA,NA,NA
House,TN,5,Maryam Abolfazli,Andy Ogles,Jim Larkin,NA,24703,-9444,-38.2301744727361,0,NA,-13.517116709976271,-29910,NA,NA,NA,NA,NA,NA,NA,NA,NA,NA
House,TN,6,Lore Bergman,John Rose,NA,NA,10045,-6933,-69.01941264310602,0,NA,-32.66278074263187,-63713,NA,NA,NA,NA,NA,NA,NA,NA,NA,NA
House,TN,7,Megan Barry,Mark Green,Shaun Greene,NA,21068,-10416,-49.43990886652743,0,NA,-21.815929477607813,-39448,NA,NA,NA,NA,NA,NA,NA,NA,NA,NA
House,TN,8,Sarah Freeman,David Kustoff,James Hart,NA,28487,-13254,-46.52648576543687,0,NA,-49.68737370135273,-104500,NA,NA,NA,NA,NA,NA,NA,NA,NA,NA
House,TN,9,Steve Cohen,Charlotte Bergmann,Dennis Clark,NA,242591,78527,32.370120903083794,0,NA,43.81561851282128,58677,NA,NA,NA,NA,NA,NA,NA,NA,NA,NA
House,TX,1,NA,Nathaniel Moran,NA,NA,0,0,NA,NA,NA,-56.15992363484501,-131786,NA,NA,NA,NA,NA,NA,NA,NA,NA,NA
House,TX,10,Theresa Boisseau,Michael McCaul,NA,NA,15628,-5692,-36.421807013053495,0,NA,-29.0012979435335,-73065,NA,NA,NA,NA,NA,NA,NA,NA,NA,NA
House,TX,11,NA,August Pfluger,NA,NA,28096,-28096,-100,0,NA,NA,NA,NA,NA,NA,NA,NA,NA,NA,NA,NA,NA
House,TX,12,Trey Hunt,Craig Goldman,NA,NA,297924,-232950,-78.19108228944295,0,NA,-28.54327482677043,-67927,NA,NA,NA,NA,NA,NA,NA,NA,NA,NA
House,TX,13,NA,Ronny Jackson,NA,NA,18019,-18019,-100,0,NA,-50.70734172733921,-108857,NA,NA,NA,NA,NA,NA,NA,NA,NA,NA
House,TX,14,Rhonda Hart,Randy Weber,NA,NA,282155,-232637,-82.4500717690631,0,NA,-40.31780585412083,-85937,NA,NA,NA,NA,NA,NA,NA,NA,NA,NA
House,TX,15,Michelle Vallejo,Monica De La Cruz,NA,NA,7001,-471,-6.727610341379803,0,NA,-8.480535127626096,-12881,NA,NA,NA,NA,NA,NA,NA,NA,NA,NA
House,TX,16,Veronica Escobar,Irene Armendariz-Jackson,NA,NA,217004,195306,90.00110597039686,0,NA,26.92696151392728,40524,NA,NA,NA,NA,NA,NA,NA,NA,NA,NA
House,TX,17,Mark Lorenzen,Pete Sessions,NA,NA,266517,-51527,-19.33347591335637,0,NA,-32.96686601383921,-71607,NA,NA,NA,NA,NA,NA,NA,NA,NA,NA
House,TX,18,Sylvester Turner,Lana Centonze,NA,NA,209551,167687,80.02204713888266,0,NA,44.51967133386234,69570,NA,NA,NA,NA,NA,NA,NA,NA,NA,NA
House,TX,19,NA,Jodey Arrington,Nathan Lewis,NA,4782,-4656,-97.3651191969887,0,NA,NA,NA,NA,NA,NA,NA,NA,NA,NA,NA,NA,NA
House,TX,2,Peter Filler,Daniel Crenshaw,NA,NA,292276,-72986,-24.97160218423682,0,NA,-31.827675900072517,-73295,NA,NA,NA,NA,NA,NA,NA,NA,NA,NA
House,TX,20,Joaquin Castro,NA,NA,NA,214007,214007,100,0,NA,36.8483798836292,62126,NA,NA,NA,NA,NA,NA,NA,NA,NA,NA
House,TX,21,Kristin Hook,Chip Roy,NA,NA,376640,-36014,-9.561915887850468,0,NA,-25.681878084470178,-84771,NA,NA,NA,NA,NA,NA,NA,NA,NA,NA
House,TX,22,Marquette Greene-Scott,Troy Nehls,NA,NA,311756,40202,12.895341228396566,0,NA,-26.682005679580456,-64361,NA,NA,NA,NA,NA,NA,NA,NA,NA,NA
House,TX,23,Santos Limon,Tony Gonzales,NA,NA,20353,-8289,-40.72618287230384,0,NA,-17.10062459286508,-35702,NA,NA,NA,NA,NA,NA,NA,NA,NA,NA
House,TX,24,Sam Eppler,Beth Van Duyne,NA,NA,342440,282436,82.47751430907604,0,NA,-19.49769159741459,-58069,NA,NA,NA,NA,NA,NA,NA,NA,NA,NA
House,TX,25,NA,Roger Williams,NA,NA,0,0,NA,NA,NA,NA,NA,NA,NA,NA,NA,NA,NA,NA,NA,NA,NA
House,TX,26,Ernest Lineberger,Brandon Gill,NA,NA,328729,-91723,-27.902314672572242,0,NA,NA,NA,NA,NA,NA,NA,NA,NA,NA,NA,NA,NA
House,TX,27,Tanya Lloyd,Michael Cloud,NA,NA,260698,-128718,-49.37437187857214,0,NA,-28.88753640829457,-59805,NA,NA,NA,NA,NA,NA,NA,NA,NA,NA
House,TX,28,Henry Cuellar,Jay Furman,NA,NA,218727,8409,3.8445185093747,0,NA,13.301646928089577,22025,NA,NA,NA,NA,NA,NA,NA,NA,NA,NA
House,TX,29,Sylvia Garcia,Alan Garza,NA,NA,149353,113513,76.00316029808575,0,NA,42.81425816584163,43072,NA,NA,NA,NA,NA,NA,NA,NA,NA,NA
House,TX,3,Sandeep Srivastava,Keith Self,NA,NA,161945,-10347,-6.389206211985551,0,NA,-23.637818149644616,-64119,NA,NA,NA,NA,NA,NA,NA,NA,NA,NA
House,TX,30,Jasmine Crockett,NA,NA,NA,232467,232467,100,0,NA,52.99729105382992,95667,NA,NA,NA,NA,NA,NA,NA,NA,NA,NA
House,TX,31,Stuart Whitlow,John Carter,NA,NA,315942,-49712,-15.734533553626932,0,NA,NA,NA,NA,NA,NA,NA,NA,NA,NA,NA,NA,NA
House,TX,32,Julie Johnson,Darrell Day,NA,NA,217061,57875,26.66301178009868,0,NA,30.710595552651,54511,NA,NA,NA,NA,NA,NA,NA,NA,NA,NA
House,TX,33,Marc Veasey,Patrick Gillespie,NA,NA,159495,138819,87.03658421894103,0,NA,46.37200736648251,52878,NA,NA,NA,NA,NA,NA,NA,NA,NA,NA
House,TX,34,Vicente Gonzalez,Mayra Flores,NA,NA,183034,14446,7.892522700700416,0,NA,8.503484851865903,11432,NA,NA,NA,NA,NA,NA,NA,NA,NA,NA
House,TX,35,Greg Casar,Steven Wright,NA,NA,227817,47653,20.917227423765567,0,NA,45.15366695040544,80630,NA,NA,NA,NA,NA,NA,NA,NA,NA,NA
House,TX,36,Dayna Steele,Brian Babin,NA,NA,274354,34962,12.743389926882786,0,NA,-38.92040168881043,-81583,NA,NA,NA,NA,NA,NA,NA,NA,NA,NA
House,TX,37,Lloyd Doggett,Jenny Sharon,NA,NA,300074,144946,48.30341849010578,0,NA,55.78766152651082,159435,NA,NA,NA,NA,NA,NA,NA,NA,NA,NA
House,TX,38,Melissa McDonough,Wesley Hunt,NA,NA,311971,19103,6.123325565517308,0,NA,-27.434976853722453,-71295,NA,NA,NA,NA,NA,NA,NA,NA,NA,NA
House,TX,4,Simon Cardell,Pat Fallon,NA,NA,311016,-103852,-33.391208169354634,0,NA,-35.78077333218754,-91602,NA,NA,NA,NA,NA,NA,NA,NA,NA,NA
House,TX,5,Ruth Torres,Lance Gooden,NA,NA,13119,-8443,-64.3570394084915,0,NA,-30.03561908805699,-63665,NA,NA,NA,NA,NA,NA,NA,NA,NA,NA
House,TX,6,John Love,Jake Ellzey,NA,NA,260864,-177580,-68.07378557409224,0,NA,NA,NA,NA,NA,NA,NA,NA,NA,NA,NA,NA,NA
House,TX,7,Lizzie Fletcher,Caroline Kane,NA,NA,234358,182804,78.00203108065439,0,NA,27.585808644385654,50159,NA,NA,NA,NA,NA,NA,NA,NA,NA,NA
House,TX,8,Laura Jones,Morgan Luttrell,NA,NA,302932,-39106,-12.909167734012915,0,NA,-37.521780875502294,-84412,NA,NA,NA,NA,NA,NA,NA,NA,NA,NA
House,TX,9,Al Green,NA,NA,NA,0,0,NA,NA,NA,53.3504067674366,87285,NA,NA,NA,NA,NA,NA,NA,NA,NA,NA
House,UT,1,Bill Campbell,Blake Moore,NA,NA,266189,-80913,-30.396823309753596,0,NA,-33.94940319795811,-90448,NA,NA,NA,NA,NA,NA,NA,NA,NA,NA
House,UT,2,Nathaniel Woodward,Celeste Maloy,Tyler Murset,NA,256795,-81074,-31.571486983780837,0,NA,-25.69747763098547,-66659,NA,NA,NA,NA,NA,NA,NA,NA,NA,NA
House,UT,3,Glenn Wright,Mike Kennedy,NA,NA,282941,-57767,-20.416623960472325,0,NA,-34.86837462065072,-98810,NA,NA,NA,NA,NA,NA,NA,NA,NA,NA
House,UT,4,Katrina Fallick-Wang,Burgess Owens,M. Evan Bullard,NA,271343,-46603,-17.174940941907476,0,NA,-28.7055369028454,-72929,NA,NA,NA,NA,NA,NA,NA,NA,NA,NA
House,VA,1,Leslie Mehta,Robert J Wittman,NA,NA,346848,-13590,-3.9181428176031,0,NA,-13.012411668251922,-44599,NA,NA,NA,NA,NA,NA,NA,NA,NA,NA
House,VA,10,Suhas Subramanyam,Mike Clancy,NA,NA,352446,60688,17.21909171901511,0,NA,6.497492782251937,19242,NA,NA,NA,NA,NA,NA,NA,NA,NA,NA
House,VA,11,Gerald Connolly,Michael Van Meter,NA,NA,268073,120403,44.91425842960686,0,NA,33.67762603736588,97556,NA,NA,NA,NA,NA,NA,NA,NA,NA,NA
House,VA,2,Missy Cotter Smasal,Jennifer Kiggans,Robert Reid,NA,119965,3407,2.839994998541241,0,NA,-3.4037495454484237,-10109,NA,NA,NA,NA,NA,NA,NA,NA,NA,NA
House,VA,3,Robert C. Scott,John Sitka III,NA,NA,179096,66160,36.941081877875554,0,NA,34.63603560259803,71991,NA,NA,NA,NA,NA,NA,NA,NA,NA,NA
House,VA,4,Jennifer McClellan,Bill Moher,NA,NA,98601,20353,20.64177848094847,0,NA,30.01943031619166,73541,NA,NA,NA,NA,NA,NA,NA,NA,NA,NA
House,VA,5,Gloria Tinsley Witt,John McGuire III,NA,NA,369434,-28176,-7.626802081021238,0,NA,-15.3335066116508,-47195,NA,NA,NA,NA,NA,NA,NA,NA,NA,NA
House,VA,6,Ken Mitchell,Benjamin Lee Cline,Robert Well Jr.,NA,305541,-75842,-24.82220062119323,0,NA,-28.949538319825876,-77942,NA,NA,NA,NA,NA,NA,NA,NA,NA,NA
House,VA,7,Eugene Vindman,Derrick Anderson,NA,NA,335750,11904,3.5454951600893523,0,NA,4.650934119960668,12771,NA,NA,NA,NA,NA,NA,NA,NA,NA,NA
House,VA,8,Donald Sternoff Beyer Jr.,Jerry Torres,Brentley Hensel,NA,178817,98756,55.227411264029705,0,NA,48.77405776839099,131171,NA,NA,NA,NA,NA,NA,NA,NA,NA,NA
House,VA,9,Karen Baker,H. Morgan Griffith,NA,0,329773,-139879,-42.41675334245072,0,NA,-46.69764301102929,-116180,NA,NA,NA,NA,NA,NA,NA,NA,NA,NA
House,VT,1,Becca Balint,Mark Coester,Adam Ortiz,NA,238526,87884,36.84462071220747,0,NA,NA,NA,NA,NA,NA,NA,NA,NA,NA,NA,NA,NA
House,WA,1,Suzan DelBene,Jeb Brewer,NA,NA,319934,293852,91.84769358680228,0,NA,27.09010617962635,77663,NA,NA,NA,NA,NA,NA,NA,NA,NA,NA
House,WA,10,Marilyn Strickland,Don Hewett,NA,NA,290806,39354,13.532733162314395,0,NA,14.105427491521878,37767,NA,NA,NA,NA,NA,NA,NA,NA,NA,NA
House,WA,2,Rick Larsen,NA,NA,NA,339080,339080,100,0,NA,20.313799297473093,68645,NA,NA,NA,NA,NA,NA,NA,NA,NA,NA
House,WA,3,Marie Gluesenkamp Perez,Joe Kent,NA,NA,309709,37021,11.95347891084857,0,NA,0.8221817055970277,2629,NA,NA,NA,NA,NA,NA,NA,NA,NA,NA
House,WA,4,NA,Dan Newhouse,NA,NA,236301,-236301,-100,0,NA,-35.257029654043514,-79909,NA,NA,NA,NA,NA,NA,NA,NA,NA,NA
House,WA,5,Carmela Conroy,Michael Baumgartner,NA,NA,347832,-277834,-79.87591710940914,0,NA,-19.2624114370075,-61063,NA,NA,NA,NA,NA,NA,NA,NA,NA,NA
House,WA,6,Emily Randall,Drew MacEwen,NA,NA,361738,189622,52.4197070808154,0,NA,20.109637712613512,69956,NA,NA,NA,NA,NA,NA,NA,NA,NA,NA
House,WA,7,Pramila Jayapal,Dan Alexander,NA,NA,365078,347618,95.21746037833012,0,NA,71.19375041468699,246791,NA,NA,NA,NA,NA,NA,NA,NA,NA,NA
House,WA,8,Kim Schrier,Carmen Goers,NA,NA,378150,126956,33.572920798624885,0,NA,6.852498824537701,23027,NA,NA,NA,NA,NA,NA,NA,NA,NA,NA
House,WA,9,Adam Smith,NA,NA,NA,285850,285850,100,0,NA,43.40874220339549,104115,NA,NA,NA,NA,NA,NA,NA,NA,NA,NA
House,WI,1,Peter Barca,Bryan Steil,NA,NA,344342,23917,6.945710950160016,0,NA,-8.902604805445595,-26785,NA,NA,NA,NA,NA,NA,NA,NA,NA,NA
House,WI,2,Mark Pocan,Erik Olsen,NA,100,388120,286894,73.91889106461919,0,NA,44.077593471708184,166850,NA,NA,NA,NA,NA,NA,NA,NA,NA,NA
House,WI,3,Rebecca Cooke,Derrick Van Orden,NA,100,351114,-153486,-43.71400741639467,0,NA,-3.700907769830336,-11766,NA,NA,NA,NA,NA,NA,NA,NA,NA,NA
House,WI,4,Gwen S Moore,Tim Rogers,Robert R. Raymond,NA,290596,122062,42.00401932579939,0,NA,52.66222765987483,134295,NA,NA,NA,NA,NA,NA,NA,NA,NA,NA
House,WI,5,Ben Steinhoff,Scott Fitzgerald,NA,NA,423401,-317631,-75.01895366331209,0,NA,-28.838406120632037,-109160,NA,NA,NA,NA,NA,NA,NA,NA,NA,NA
House,WI,6,John Zarbano,Glenn Grothman,NA,NA,372471,-100177,-26.895248220666844,0,NA,NA,NA,NA,NA,NA,NA,NA,NA,NA,NA,NA,NA
House,WI,7,Kyle Kilbourn,Tom Tiffany,NA,100,376218,-267446,-71.08803938142248,0,NA,-23.75246845696312,-80347,NA,NA,NA,NA,NA,NA,NA,NA,NA,NA
House,WI,8,Kristin Lyerly,Tony Wied,NA,100,371863,-225663,-60.68444561572407,0,NA,NA,NA,NA,NA,NA,NA,NA,NA,NA,NA,NA,NA
House,WV,1,Chris Reed,Carol Miller,Wes Holden,NA,241244,-81083,-33.61036958432127,0,NA,-37.88931143153929,-86083,NA,NA,NA,NA,NA,NA,NA,NA,NA,NA
House,WV,2,Steven Wendelin,Riley Moore,NA,NA,134702,-56874,-42.22209024364894,0,NA,-31.12264482248883,-76215,NA,NA,NA,NA,NA,NA,NA,NA,NA,NA
House,WY,1,Kyle Cameron,Harriet Hageman,NA,100,226912,-91670,-40.39892116767734,0,NA,NA,NA,NA,NA,NA,NA,NA,NA,NA,NA,NA,NA
President,AK,0,Kamala Harris,Donald J. Trump,Cornel West,87.55656108597285,253533,-40127,-15.827130984921094,0,NA,-10.160905840286055,-36487,-15.17105455253297,0,NA,NA,NA,NA,NA,NA,NA,NA
President,AL,0,Kamala Harris,Donald J. Trump,Robert F. Kennedy Jr.,0,9162,-7390,-80.65924470639598,0,NA,-25.461652954742473,-591546,-28.33466062608118,1.123712059061276,14.03455012065729,959116.9627074753,2197504.9923421,154411.39705732823,215056.2069025362,647272.6285534047,1550232.3637886967,0.5804939666812974
President,AR,0,Kamala Harris,Donald J. Trump,Peter Sonski,99.92239037640667,1007886,-236349,-23.449973508908744,0,NA,-27.620667903129355,-336715,-26.986374891193066,78.1497191709411,-23.55843765974353,934893.7044023012,1022521.5095714552,296646.10350371734,565853.0443392798,362484.801934394,628093.7076370612,100
President,AZ,0,Kamala Harris,Donald J. Trump,NA,100,2758998,-452426,-16.39819963624475,0,NA,0.3087095839018743,10457,-4.115938937662703,88.1903897056262,4.633253617987638,2758998,2758998,1125516,1577942,1125516,1577942,100
President,CA,0,Kamala Harris,Donald J. Trump,Claudia De la Cruz,89.40208343243114,13294921,2911219,21.897226768026677,0,NA,29.16322326858859,5103821,28.828757008869683,48.36005113114019,37.01273773591928,6744319.80823346,15452418.239698011,1704534.0155584188,552209.9322061187,10049159.704092117,5403258.535605896,100
President,CO,0,Kamala Harris,Donald J. Trump,Cornel West,99.11764705882354,2546197,326660,12.82932938810312,0,NA,13.501634645143223,439745,2.915312272710432,0,NA,2199761.7635128954,2669676.9226841624,992112.2533834239,920538.5141157499,1437107.3529546468,1168250.569729515,100
President,CT,0,Kamala Harris,Donald J. Trump,NA,0,5843,1283,21.95789833989389,0,NA,20.07358020900727,366114,13.314469228390765,3.3498185167721206,51.23248657849941,NA,NA,NA,NA,NA,NA,NA
President,DC,0,Kamala Harris,Donald J. Trump,Robert F. Kennedy Jr.,NA,268502,1064,0.39627265346254403,0,NA,89.52760250473837,37316,88.72452474738824,0,NA,NA,NA,NA,NA,NA,NA,NA
President,DE,0,Kamala Harris,Donald J. Trump,Robert F. Kennedy Jr.,100,424366,90825,21.402515752911402,0,NA,18.98077419098827,95665,11.432389278313158,0,NA,424366,424366,253788,162963,253788,162963,100
President,FL,0,Kamala Harris,Donald J. Trump,Claudia De la Cruz,0,7689205,-74171,-0.9646120762809679,0,NA,-3.3583688970618,-371686,-1.2759474791594534,71.84237280907193,4.275043915180284,4411532.440641875,10107593.692038972,931964.7472414812,765403.9742599247,4130380.908859221,5977212.7831797525,100
President,GA,0,Kamala Harris,Donald J. Trump,Claudia De la Cruz,0,2594509,61842,2.383572383059762,0,NA,0.23558188465507723,11779,-5.740645886254692,80.22080176641413,5.745563210045954,2035644.9407308074,4664019.190385465,440942.60775754816,347552.94333749136,2022380.4447890988,2641638.7455963697,77.45191249065535
President,HI,0,Kamala Harris,Donald J. Trump,Peter Sonski,86.34538152610442,418177,159047,38.033416471972394,0,NA,29.464775296839345,169266,32.18375794321693,4.980251327747885,-43.72596994058021,153159.0045159659,350914.11176368955,89492.0204874698,10640.831951403616,288823.954933303,62090.15683038643,100
President,IA,0,Kamala Harris,Donald J. Trump,Shiva Ayyadurai,99.94001199760048,1396724,-62098,-4.445975010095051,0,NA,-8.19760939776009,-138611,-9.60107072487815,58.71068816012576,15.94242899824926,1284008.1866640912,1421947.2559211256,531286.9805736761,663258.021934869,625636.7818099353,773405.4741111905,100
President,ID,0,Kamala Harris,Donald J. Trump,Joel Skousen,99.89583333333333,697467,-223787,-32.08567573806359,0,NA,-30.77116267709968,-267098,-31.60577419050179,45.705599218445784,-6.851493833353078,693763.0784605078,699146.0891472626,222056.4511149374,441355.4315301213,222852.70495433247,448523.38419293147,100
President,IL,0,Kamala Harris,Donald J. Trump,Robert F. Kennedy Jr.,99.91109354934308,5323456,409506,7.692483980331574,0,NA,16.977164840104525,1025024,15.989472078120231,10.855789731887985,24.67288949645732,4063239.0058491565,4320295.209092003,2060336.7487091767,1802039.4853573623,2260288.9223195966,1990163.2867724062,100
President,IN,0,Kamala Harris,Donald J. Trump,Robert F. Kennedy Jr.,6.775383420695011,2364834,-377240,-15.952071054458791,0,NA,-16.067454699746737,-487359,-19.2601548330308,24.24675409451254,-13.733421804762772,1353280.8018441922,2888393.5949276807,279236.45620673656,341355.45523165556,969463.9864940497,1918929.6084336329,100
President,KS,0,Kamala Harris,Donald J. Trump,Robert F. Kennedy Jr.,0,172229,12297,7.139912558279964,0,NA,-14.620985614816798,-201083,-21.027979946702377,14.146326921175246,-5.813780164991903,564478.6534907494,1293319.4879744768,100516.15976689616,114314.99032823688,438939.7081028969,854379.7798715809,18.541196285637877
President,KY,0,Kamala Harris,Donald J. Trump,Shiva Ayyadurai,0,1557629,-517249,-33.207458258673924,0,NA,-25.9350570581364,-554172,-29.866955777128297,15.428769056818522,-11.041413262071666,893255.7148157513,2046605.3349787404,136811.23477636633,205418.69610321667,575520.2221031397,1471085.1128756003,100
President,LA,0,Kamala Harris,Donald J. Trump,Claudia De la Cruz,99.07453726863432,1717540,-345678,-20.1263434912724,0,NA,-18.609425612482323,-399742,-19.650979345879705,45.5801089540246,-7.672336222754011,1296387.9958317361,1845919.8997310293,363006.73175650963,639338.1651042114,662156.1542903796,1147630.7454406498,100
President,MA,0,Kamala Harris,Donald J. Trump,Claudia De la Cruz,0,658,-332,-50.45592705167173,0,NA,33.45815197546292,1215000,27.284250096935477,3.520926628338036,37.78302661525587,1456703.724515705,3337563.4374667113,384492.83847170946,150696.98462931128,1973511.950338517,1364051.4871281947,0.0274494506780018
President,MD,0,Kamala Harris,Donald J. Trump,Robert F. Kennedy Jr.,100,2435565,591910,24.302779847797122,0,NA,29.53036699577685,826723,20.67781827298557,20.68379096925277,38.504154167897106,2435565,2435565,1470447,878537,1470447,878537,100
President,ME,0,Kamala Harris,Donald J. Trump,Cornel West,0,642,154,23.98753894080997,0,NA,8.6727947501659,70574,2.7017733126559236,7.35640376533045,39.00471083492032,NA,NA,NA,NA,NA,NA,NA
President,ME,1,Kamala Harris,Donald J. Trump,Cornel West,NA,0,0,NA,NA,NA,NA,NA,NA,NA,NA,NA,NA,NA,NA,NA,NA,NA
President,ME,2,Kamala Harris,Donald J. Trump,Cornel West,NA,0,0,NA,NA,NA,NA,NA,NA,NA,NA,NA,NA,NA,NA,NA,NA,NA
President,MI,0,Kamala Harris,Donald J. Trump,Robert F. Kennedy Jr.,0,253745,-6345,-2.500541882598672,0,NA,2.7835275996867477,154188,-0.24237531144872684,27.950705702631847,39.60552202000421,2295194.101984121,5258691.790067474,498841.4754031182,382404.437871883,2265399.2367665367,2993292.5533009386,6.718264046508762
President,MN,0,Kamala Harris,Donald J. Trump,Cornel West,99.7323600973236,2678794,192222,7.175691747853699,0,NA,7.110156900570645,233012,1.5013352059591196,0.9285447723051375,-4.893197502464673,2500622.4936514585,2750543.0014396654,1233140.651905391,1054069.0673744725,1379513.6194141502,1276985.3820255152,100
President,MO,0,Kamala Harris,Donald J. Trump,NA,0,293402,41392,14.107606628448341,0,NA,-19.167316426327627,-554337,-23.11708863747524,12.14389568807387,21.4157790286806,1192885.6323225226,2733109.969113756,202506.6318168003,256638.3220026335,871623.199831481,1861486.7692822742,14.946629073790218
President,MS,0,Kamala Harris,Donald J. Trump,Shiva Ayyadurai,0,15982,-2911,-18.21424102114879,0,NA,-16.527446391450006,-217366,-18.612073909682568,2.6551458277257445,-4.495990836197022,544633.6187356688,1247851.0366352508,100996.3969432673,113663.20223080569,421318.035486468,826533.0011487831,1.7832230755350973
President,MT,0,Kamala Harris,Donald J. Trump,Robert F. Kennedy Jr.,100,514154,-127578,-24.81318826655049,0,NA,-16.369099878411195,-98816,-20.596434051458516,0,NA,514154,514154,184689,312267,184689,312267,100
President,NC,0,Kamala Harris,Donald J. Trump,Cornel West,0,2807667,303526,10.810612512096341,0,NA,-1.3481564232866905,-74483,-3.8347577941410584,82.85140975136855,4.626185558632038,2241343.390375946,5135310.375494123,466978.34941645374,392818.9492152429,2112721.3039788273,3022589.0715152984,76.12305224329145
President,ND,0,Kamala Harris,Donald J. Trump,NA,100,322912,-116682,-36.13430284411852,0,NA,-33.35728637799563,-120693,-36.38535409890554,21.89105602525019,-5.527359038456683,322912,322912,103115,219797,103115,219797,100
President,NE,0,Kamala Harris,Donald J. Trump,Cornel West,99.86310746064339,827418,-56818,-6.866904031577752,0,NA,-19.057532390266243,-182263,-26.309707337538697,13.692213266024176,14.942344406261933,755624.4201687035,837907.6842177915,308289.5834952643,382770.8303428341,359330.8058420171,453543.87837577425,100
President,NH,0,Kamala Harris,Donald J. Trump,NA,0,505568,29850,5.9042502690043674,0,NA,7.368609477495888,59277,0.37345209438003807,0.366211574821649,32.45078071961982,324919.1630791787,744446.7262455053,71222.27629581469,53676.702814440585,314657.9798983851,429788.7463471202,94.55472725416212
President,NJ,0,Kamala Harris,Donald J. Trump,Robert F. Kennedy Jr.,0,291069,58158,19.980829287900807,0,NA,15.885918176962354,725087,13.231487284119565,36.57216008104571,8.25495109559408,1882019.2207161977,4312035.751649002,445919.28148627956,237774.1891852233,2243268.03966022,2068767.7119887804,9.398334412548984
President,NM,0,Kamala Harris,Donald J. Trump,Claudia De la Cruz,99.84407484407484,755212,75681,10.02115962140432,0,NA,10.792616603442772,99720,8.28077693656329,0,NA,693311.2641595585,734817.7229967498,361475.2549395505,313131.39932644233,401951.2657999775,332471.45719677233,100
President,NV,0,Kamala Harris,Donald J. Trump,Joel Skousen,100,1155868,8755,0.7574394308000567,0,NA,2.6877730098856016,36974,2.7276602178193654,0.0681138992335914,-78.54855923159018,1131672.9999999984,1131672.9999999984,560165,548720,560165,548720,100
President,NY,0,Kamala Harris,Donald J. Trump,NA,100,7605226,1828204,24.038785961127257,0,NA,23.127784003942967,1992889,21.335036384989017,4.334107281062095,40.024473577105155,7605226,7605226,4716715,2888511,4716715,2888511,100
President,OH,0,Kamala Harris,Donald J. Trump,Richard Duncan,0,1958259,-120479,-6.152352676535637,0,NA,-8.031961760169613,-475669,-8.543647935974702,33.102754684828376,16.145738752874397,2459525.3371462743,5635203.439540524,475924.0634014478,470371.1154009318,2096936.4539500638,3538266.9855904607,48.383560562025956
President,OK,0,Kamala Harris,Donald J. Trump,Robert F. Kennedy Jr.,0,7562,-4761,-62.95953451467866,0,NA,-33.08709751207632,-516390,-36.39735475405498,28.710596982505916,-0.3329717955928111,634196.8891423233,1453056.1800137185,90991.52138528219,149326.08605717262,378205.9352882021,1074850.2447255172,0.7245887057727612
President,OR,0,Kamala Harris,Donald J. Trump,Robert F. Kennedy Jr.,90.5365126676602,1745525,333971,19.132982913450107,0,NA,16.08607260770553,381935,10.623004298964654,0,NA,1001385.3450256068,2182715.5453367843,265115.2559852991,177237.231133278,1096513.5653043306,1082895.9800324538,100
President,PA,0,Kamala Harris,Donald J. Trump,NA,0.010920607185759528,1154858,470121,40.70812169115164,0,NA,1.179162355754409,81660,-1.1429610893071096,18.34762763248429,57.72607073712046,2865221.66822559,6564724.809285684,601317.0555384727,490968.18983135035,2759949.8071423983,3804775.0021432866,24.49341579518248
President,RI,0,Kamala Harris,Donald J. Trump,Robert Wells,100,435950,80935,18.565202431471498,0,NA,20.59963244336084,106373,15.658234119270151,0,NA,63255,63255,37094,23671,37094,23671,100
President,SC,0,Kamala Harris,Donald J. Trump,Cornel West,0,1201170,-2267,-0.1887326523306443,0,NA,-11.68020581467846,-293562,-14.111292987482514,47.32575798870741,5.081499715835528,1027187.6290664476,2353466.8144890396,197258.87418184086,201261.8600032086,835061.7215585953,1518405.0929304436,71.06138885562706
President,SD,0,Kamala Harris,Donald J. Trump,Robert F. Kennedy Jr.,100,365356,-90233,-24.697281555523926,0,NA,-26.164137536114943,-110572,-29.795944839439315,0,NA,365356,365356,134174,224407,134174,224407,100
President,TN,0,Kamala Harris,Donald J. Trump,Robert F. Kennedy Jr.,99.94783515910277,2537158,-597324,-23.54303515981267,0,NA,-23.208859895260115,-708764,-26.17194653178202,42.44011904968514,0.8435579271915311,2465153.10805027,2554736.273642188,881707.7674458354,1447689.9865947708,925036.0881829762,1536910.1854592115,100
President,TX,0,Kamala Harris,Donald J. Trump,NA,0,246374,-8872,-3.6010293293935236,0,NA,-5.578593689682137,-631221,-9.140203725903287,86.41405751770031,-3.421915300161111,4480583.19921595,10265801.077156201,887128.5913834331,768613.5603935346,4241544.651397196,6024256.425759005,3.341483517349542
President,UT,0,Kamala Harris,Donald J. Trump,Lucifer Everylove,99.19724770642202,1016796,-172084,-16.92414210913497,0,NA,-20.48379044661353,-304858,-18.061499131434164,42.90221858792211,0.32215677461084896,771331.3690114892,1173846.673726774,198223.82642478173,364975.3178176599,413067.03742948815,741638.6362972858,100
President,VA,0,Kamala Harris,Donald J. Trump,Cornel West,0,2971516,614854,20.691593112741106,0,NA,8.382033223771371,354932,3.140792312804395,62.775603279585155,29.677405035147924,1741772.4224424043,3990705.7665169863,386628.6757824007,268403.3574032044,1869009.9523731894,2121695.8141437965,100
President,VT,0,Kamala Harris,Donald J. Trump,Cornel West,0,162500,60802,37.41661538461538,0,NA,35.41265227473138,130116,28.52515158898196,0,NA,110995.41579262538,254309.94322407103,29741.63897628955,14577.938375117465,135390.52488192162,118919.4183421494,88.96666637325345
President,WA,0,Kamala Harris,Donald J. Trump,Cornel West,75.563009103977,2600200,505620,19.445427274825015,0,NA,19.203323391959792,784961,16.274964147370028,0,NA,2281438.5965513946,3122089.9645476365,1009125.6418810416,801097.2344168329,1863111.2927584716,1198977.6717891647,96.24081637022537
President,WI,0,Kamala Harris,Donald J. Trump,Cornel West,99.42685589519651,2739679,-8576,-0.3130293731491901,0,NA,0.6270995418189161,20682,-0.7786333556438747,0,NA,2116778.5465167477,2648512.31140845,976575.2513157831,1026312.0703203945,1319029.8298982999,1468461.4815101349,100
President,WV,0,Kamala Harris,Donald J. Trump,Robert F. Kennedy Jr.,0,135191,-38973,-28.828102462442025,0,NA,-38.931160354887375,-309398,-42.18159175178545,16.20749662464406,-6.19769265406891,337614.1600776235,773533.1884462155,42574.786631236115,86834.25450151046,167271.98826708435,606261.2001791307,24.333586392408076
President,WY,0,Kamala Harris,Donald J. Trump,Robert F. Kennedy Jr.,100,232622,-96900,-41.65556138284427,0,NA,-43.382653153397285,-120068,-47.55891646766529,16.661427564901633,-50.224448637043785,232622,232622,65700,162600,65700,162600,100
Senate,AZ,0,Ruben Gallego,Kari Lake,NA,NA,2813514,-140099,-4.979502501142699,0,NA,-3.919806049496808,-80799,2.3377207087241234,0,NA,NA,NA,NA,NA,NA,NA,NA
Senate,CA,0,Adam Schiff,Steve Garvey,NA,NA,13833018,8788700,63.53421935834971,0,NA,23.048228820974344,2457040,100,0,NA,NA,NA,NA,NA,NA,NA,NA
Senate,DE,0,Lisa Blunt Rochester,Eric Hansen,Michael Katz,NA,435763,112589,25.83720967590181,0,NA,37.50078748558537,149680,22.165088560753983,0,NA,NA,NA,NA,NA,NA,NA,NA
Senate,FL,0,Debbie Mucarsel-Powell,Rick Scott,Ben Everidge,0,8155706,-202378,-2.4814283398641392,0,NA,0,1064280,-0,0,NA,NA,NA,NA,NA,NA,NA,NA
Senate,HI,0,Mazie Hirono,Bob McDermott,NA,NA,481863,125131,25.968169375942956,0,NA,25.29905496806898,107433,42.35738560448261,0,NA,NA,NA,NA,NA,NA,NA,NA
Senate,IN,0,Valerie McCray,Jim Banks,NA,NA,2272117,-452141,-19.899547426474957,0,NA,5.574369393397941,141575,-5.654913927767857,0,NA,NA,NA,NA,NA,NA,NA,NA
Senate,MA,0,Elizabeth Warren,John Deaton,Shiva Ayyadurai,0,1139,1139,100,0,NA,7.311411035391111,229228,23.648840714877785,0,NA,NA,NA,NA,NA,NA,NA,NA
Senate,MD,0,Angela Alsobrooks,Larry Hogan,NA,NA,2434337,734059,30.154370574000232,0,NA,24.402137188587147,537790,30.756343287166857,0,NA,NA,NA,NA,NA,NA,NA,NA
Senate,ME,0,David Costello,Demi Kouzounas,Angus King,NA,3664,-203,-5.540393013100437,0,NA,-17.51828337805007,-121950,-24.49833825188221,0,NA,NA,NA,NA,NA,NA,NA,NA
Senate,MI,0,Elissa Slotkin,Mike Rogers,NA,0,22813,5147,22.561697277867882,0,NA,20.850433895517707,967338,6.613847600915393,0,NA,NA,NA,NA,NA,NA,NA,NA
Senate,MN,0,Amy Klobuchar,Royce White,NA,NA,2799041,282047,10.076558364096845,0,NA,34.713635095337224,987219,17.45562673532421,0,NA,NA,NA,NA,NA,NA,NA,NA
Senate,MO,0,Lucas Kunce,Josh Hawley,NA,100,2305774,-478481,-20.751426635914882,0,NA,0,315266,-13.132658446002589,0,NA,NA,NA,NA,NA,NA,NA,NA
Senate,MS,0,Ty Pinkins,Roger Wicker,NA,NA,20403,-4775,-23.403421065529578,0,NA,-17.103191356123116,-200293,-17.48326223999236,0,NA,NA,NA,NA,NA,NA,NA,NA
Senate,MT,0,Jon Tester,Tim Sheehy,NA,NA,515164,-84076,-16.32023976830679,0,NA,3.898429607528783,18764,3.558741189145145,0,NA,NA,NA,NA,NA,NA,NA,NA
Senate,ND,0,Katrina Christiansen,Kevin Kramer,NA,NA,327325,-271213,-82.85740472007943,0,NA,0.944278348897081,2994,-10.84439824213382,0,NA,NA,NA,NA,NA,NA,NA,NA
Senate,NE,0,NA,Deb Fischer,Dan Osborn,NA,843487,-812279,-96.30012080802668,0,NA,-16.23915936789847,-125389,-19.132626606404894,0,NA,NA,NA,NA,NA,NA,NA,NA
Senate,NJ,0,Andy Kim,Curtis Bashaw,Patricia Mooneyham,NA,40949,-1461,-3.5678526948155023,0,NA,18.685411850120396,583683,10.99161570149895,0,NA,NA,NA,NA,NA,NA,NA,NA
Senate,NM,0,Martin Heinrich,Nella Domenici,NA,NA,795322,288956,36.331951083963475,0,NA,-0,42336,23.550057475537585,-0,NA,NA,NA,NA,NA,NA,NA,NA
Senate,NV,0,Jacky Rosen,Sam Brown,NA,NA,1135733,-37167,-3.2725121133224095,0,NA,-0.6354171029347456,-6155,5.463347624558106,0,NA,NA,NA,NA,NA,NA,NA,NA
Senate,NY,0,Kirsten Gillibrand,Mike Sapraicone,Jonathan Ramos,NA,7039032,1435540,20.393997356454694,0,NA,45.232649165680634,2650625,NA,0,NA,NA,NA,NA,NA,NA,NA,NA
Senate,OH,0,Sherrod Brown,Bernie Moreno,NA,NA,1769656,73166,4.13447585293413,0,NA,0,274671,6.804021544972698,0,NA,NA,NA,NA,NA,NA,NA,NA
Senate,PA,0,Bob Casey Jr.,David McCormick,NA,NA,361328,217730,60.25826949475269,0,NA,8.885457634187727,489559,13.121204037898108,0,NA,NA,NA,NA,NA,NA,NA,NA
Senate,RI,0,Sheldon Whitehouse,Patricia Morgan,NA,NA,458165,232051,50.64791068719784,0,NA,29.486808236355717,121067,23.08688583547199,0,NA,NA,NA,NA,NA,NA,NA,NA
Senate,TN,0,Gloria Johnson,Marsha Blackburn,Pamela Jeanine Moses,NA,56,0,0,0,NA,-34.599230335074,-795915,-10.79023490719194,0,NA,NA,NA,NA,NA,NA,NA,NA
Senate,TX,0,Colin Allred,Ted Cruz,NA,NA,13233,-5669,-42.83987002191491,0,NA,-16.248416835536023,-1273285,-2.579215617422174,0,NA,NA,NA,NA,NA,NA,NA,NA
Senate,UT,0,Caroline Gleich,John Curtis,NA,NA,1072910,-214306,-19.974275568314212,0,NA,-34.98102737285736,-320092,-31.592248650081594,0,NA,NA,NA,NA,NA,NA,NA,NA
Senate,VA,0,Tim Kaine,Hung Cao,NA,NA,2903718,488070,16.80845040737427,0,NA,-2.3057335869128788,-59705,9.580760490728077,0,NA,NA,NA,NA,NA,NA,NA,NA
Senate,VT,0,Bernie Sanders,Gerald Malloy,Steve Berry,NA,156580,54936,35.08494060544131,0,NA,46.3311808294366,135624,-27.43363065243244,0,NA,NA,NA,NA,NA,NA,NA,NA
Senate,WA,0,Maria Cantwell,Raul Garcia,NA,NA,3266616,1662032,50.87931976087793,0,NA,20.448712896212175,578818,16.907579717925426,0,NA,NA,NA,NA,NA,NA,NA,NA
Senate,WI,0,Tammy Baldwin,Eric Hovde,NA,99.633699633699635,2708692,99116,3.65918310387449,0,NA,5.576190624438543,167021,10.956889330222984,0,NA,NA,NA,NA,NA,NA,NA,NA
Senate,WV,0,Glenn Elliott,Jim Justice,NA,NA,60790,-18364,-30.20891594012173,0,NA,24.053958421089277,156707,3.308152433712352,0,NA,NA,NA,NA,NA,NA,NA,NA
Senate,WY,0,Scott Morrow,John Barrasso,NA,100,236688,-194792,-82.29906036638951,0,NA,-54.21835593237309,-131935,-36.536769750277735,0,NA,NA,NA,NA,NA,NA,NA,NA
