office_type,state,district,Democratic_name,Republican_name,Independent_name,pct_reporting,total_votes,margin_votes,margin_pct,absentee_pct,absentee_margin_pct,margin_pct_1,margin_votes_1,margin_pct_2,absentee_pct_1,absentee_margin_pct_1,total_votes_lower,total_votes_upper,dem_votes_lower,rep_votes_lower,dem_votes_upper,rep_votes_upper
Governor,DE,0,Matt Meyer,Michael Ramone,NA,NA,451043,345587,76.6195240808526,0,NA,NA,NA,NA,NA,NA,NA,NA,NA,NA,NA,NA
Governor,IN,0,Jennifer McCormick,Mike Braun,NA,NA,2758904,-437996,-15.87572456308737,0,NA,NA,NA,NA,NA,NA,NA,NA,NA,NA,NA,NA
Governor,MO,0,Crystal Quade,Mike Kehoe,NA,99.32659932659932,2661784,-449353,-16.88164779711652,0,NA,NA,NA,NA,NA,NA,NA,NA,NA,NA,NA,NA
Governor,MT,0,Ryan Busse,Greg Gianforte,NA,NA,532125,-72767,-13.674794456189804,0,NA,NA,NA,NA,NA,NA,NA,NA,NA,NA,NA,NA
Governor,NC,0,Josh Stein,Mark Robinson,NA,NA,4897133,-64948,-1.3262453766315925,0,NA,NA,NA,NA,NA,NA,NA,NA,NA,NA,NA,NA
Governor,ND,0,Merrill Piepkorn,Kelly Armstrong,Michael Coachman,NA,337502,-294516,-87.2634828830644,0,NA,NA,NA,NA,NA,NA,NA,NA,NA,NA,NA,NA
Governor,NH,0,Joyce Craig,Kelly  Ayotte,NA,NA,714417,45803,6.411241613791385,0,NA,NA,NA,NA,NA,NA,NA,NA,NA,NA,NA,NA
Governor,UT,0,Brian King,Spencer Cox,Tom Tomeny,NA,1073675,-311415,-29.004587049153606,0,NA,NA,NA,NA,NA,NA,NA,NA,NA,NA,NA,NA
Governor,VT,0,Esther Charlestin,Phil Scott,Kevin Hoyt,NA,313061,100648,32.14964495737252,0,NA,NA,NA,NA,NA,NA,NA,NA,NA,NA,NA,NA
Governor,WA,0,Bob Ferguson,Dave Reichert,NA,NA,3279577,1581303,48.216675504188494,0,NA,NA,NA,NA,NA,NA,NA,NA,NA,NA,NA,NA
Governor,WV,0,Steve Williams,Patrick Morrisey,NA,NA,695289,-261111,-37.55431194798134,0,NA,NA,NA,NA,NA,NA,NA,NA,NA,NA,NA,NA
House,AK,1,Eric Hafner,Nick Begich,NA,NA,235898,-14570,-6.176398273830214,0,NA,NA,NA,NA,NA,NA,NA,NA,NA,NA,NA,NA
House,AL,1,Tom Holmes,Barry Moore,NA,NA,300111,-272849,-90.9160277364042,0,NA,NA,NA,NA,NA,NA,NA,NA,NA,NA,NA,NA
House,AL,2,Shomari Figures,Caroleene Dobson,NA,NA,280494,-29708,-10.591313896197423,0,NA,-39.93043862867597,-79446,NA,NA,NA,NA,NA,NA,NA,NA,NA
House,AL,3,NA,Mike Rogers,NA,NA,0,0,NA,NA,NA,-46.0820562377236,-87743,NA,NA,NA,NA,NA,NA,NA,NA,NA
House,AL,4,NA,Robert Aderholt,NA,NA,0,0,NA,NA,NA,-70.48428215988106,-137961,NA,NA,NA,NA,NA,NA,NA,NA,NA
House,AL,5,NA,Dale Strong,NA,NA,0,0,NA,NA,NA,-37.53585440638291,-79695,NA,NA,NA,NA,NA,NA,NA,NA,NA
House,AL,6,Elizabeth Anderson,Gary Palmer,NA,NA,334753,-271021,-80.96148503523493,0,NA,NA,NA,NA,NA,NA,NA,NA,NA,NA,NA,NA
House,AL,7,Terri Sewall,Robin Litaker,NA,NA,297773,120071,40.32299771973953,0,NA,28.780550685779108,55817,NA,NA,NA,NA,NA,NA,NA,NA,NA
House,AR,1,Rodney Govens,Rick Crawford,NA,NA,249294,-106902,-42.881898481311225,0,NA,-47.59564624805636,-99176,NA,NA,NA,NA,NA,NA,NA,NA,NA
House,AR,2,Marcus Jones,French Hill,NA,NA,304900,-9088,-2.9806493932436866,0,NA,-24.787580240701818,-61088,NA,NA,NA,NA,NA,NA,NA,NA,NA
House,AR,3,Caitlin Mattelin,Steve Womack,NA,NA,265287,-68411,-25.78754330215955,0,NA,-30.797717229905004,-68860,NA,NA,NA,NA,NA,NA,NA,NA,NA
House,AR,4,Risie Howard,Bruce Westerman,John White,NA,263503,-85484,-32.44137637901656,0,NA,-44.81162550300883,-97105,NA,NA,NA,NA,NA,NA,NA,NA,NA
House,AZ,1,Amish Shah,David Schweikert,NA,NA,384051,337967,88.0005520100195,0,NA,-0.8838736627779914,-3195,NA,NA,NA,NA,NA,NA,NA,NA,NA
House,AZ,2,Jonathan Nez,Eli Crane,NA,NA,356319,-50855,-14.272323395608993,0,NA,-7.736026419621764,-25018,NA,NA,NA,NA,NA,NA,NA,NA,NA
House,AZ,3,Yassamin Ansari,Jeffrey Zink,NA,NA,189808,-17153,-9.037026890331282,0,NA,53.96033287494507,76124,NA,NA,NA,NA,NA,NA,NA,NA,NA
House,AZ,4,Greg Stanton,Kelly Cooper,NA,NA,302390,24185,7.99794966764774,0,NA,12.21101477223934,32420,NA,NA,NA,NA,NA,NA,NA,NA,NA
House,AZ,5,Katrina Schaffner,Andy Biggs,NA,NA,372081,-283491,-76.19066816096495,0,NA,-19.34792748530738,-62221,NA,NA,NA,NA,NA,NA,NA,NA,NA
House,AZ,6,Kristen Engel,Juan Ciscomani,NA,NA,374062,-1335,-0.3568927076260085,0,NA,-1.4979257507522554,-5232,NA,NA,NA,NA,NA,NA,NA,NA,NA
House,AZ,7,Raul Grijalva,Daniel Butierez,NA,NA,256699,100073,38.98456947631272,0,NA,29.088848270721225,56974,NA,NA,NA,NA,NA,NA,NA,NA,NA
House,AZ,8,Gregory Whitten,Abraham Hamadeh,NA,NA,342527,-287729,-84.00184511002053,0,NA,NA,NA,NA,NA,NA,NA,NA,NA,NA,NA,NA
House,AZ,9,Quacy Smith,Paul Gosar,NA,NA,318563,-225783,-70.87546262434746,0,NA,NA,NA,NA,NA,NA,NA,NA,NA,NA,NA,NA
House,CA,1,Rose Yee,Doug La Malfa,NA,NA,287992,-132502,-46.008916914358736,0,NA,-24.145801604223777,-59453,NA,NA,NA,NA,NA,NA,NA,NA,NA
House,CA,10,Mark DeSaulnier,Katherine Piccinini,NA,NA,360944,333144,92.29797420098409,0,NA,NA,NA,NA,NA,NA,NA,NA,NA,NA,NA,NA
House,CA,11,Nancy Pelosi,Bruce Lou,NA,NA,307285,292113,95.0625640691866,0,NA,67.90375002375839,178631,NA,NA,NA,NA,NA,NA,NA,NA,NA
House,CA,12,Lateefah Simon,NA,NA,NA,299168,299168,100,0,NA,80.94837249811434,194251,NA,NA,NA,NA,NA,NA,NA,NA,NA
House,CA,13,Adam Gray,John Duarte,NA,NA,171553,17781,10.364726935699172,0,NA,-0.4222947677378777,-564,NA,NA,NA,NA,NA,NA,NA,NA,NA
House,CA,14,Eric Swalwell,Vin Kruttiventi,NA,NA,301973,285793,94.64190507098316,0,NA,38.67703966462432,76760,NA,NA,NA,NA,NA,NA,NA,NA,NA
House,CA,15,Kevin Mullin,Anna Kramer,NA,NA,309003,292987,94.81687880052944,0,NA,NA,NA,NA,NA,NA,NA,NA,NA,NA,NA,NA
House,CA,16,Evan Low,NA,NA,NA,298509,298509,100,0,NA,NA,NA,NA,NA,NA,NA,NA,NA,NA,NA,NA
House,CA,17,Ro Khanna,Anita Chen,NA,NA,263146,244482,92.90735941264543,0,NA,41.85949748409181,75453,NA,NA,NA,NA,NA,NA,NA,NA,NA
House,CA,18,Zoe Lofgren,Peter Hernandez,NA,NA,232570,216048,92.89590230898224,0,NA,31.706190227901235,48039,NA,NA,NA,NA,NA,NA,NA,NA,NA
House,CA,19,Jimmy Panetta,Jason Anderson,NA,NA,368001,341117,92.69458506906231,0,NA,37.30118950972433,105678,NA,NA,NA,NA,NA,NA,NA,NA,NA
House,CA,2,Jared Huffman,Chris Coulombe,NA,NA,362620,320772,88.45954442667255,0,NA,48.80695969865489,150691,NA,NA,NA,NA,NA,NA,NA,NA,NA
House,CA,20,NA,Vince Fong,NA,NA,284624,-284624,-100,0,NA,-34.492811903086356,-78913,NA,NA,NA,NA,NA,NA,NA,NA,NA
House,CA,21,Jim Costa,Michael Maher,NA,NA,181765,-87001,-47.86455038098644,0,NA,8.357541365890153,10501,NA,NA,NA,NA,NA,NA,NA,NA,NA
House,CA,22,Rudy Salas,David Valadao,NA,NA,162945,-56403,-34.614747307373655,0,NA,-3.0450338337092635,-3132,NA,NA,NA,NA,NA,NA,NA,NA,NA
House,CA,23,Derek Marshall,Jay Obernolte,NA,NA,214652,-22316,-10.396362484393345,0,NA,-22.050796842198633,-37289,NA,NA,NA,NA,NA,NA,NA,NA,NA
House,CA,24,Salud Carbajal,Thomas Cole,NA,NA,330597,292467,88.46632002105282,0,NA,21.133337396020597,55486,NA,NA,NA,NA,NA,NA,NA,NA,NA
House,CA,25,Raul Ruiz,Ian Weeks,NA,NA,225833,-75747,-33.54115651831221,0,NA,14.756910345550011,22540,NA,NA,NA,NA,NA,NA,NA,NA,NA
House,CA,26,Julia Brownley,Michael Koslow,NA,NA,254576,233798,91.83819370247,0,NA,9.060776614841018,22361,NA,NA,NA,NA,NA,NA,NA,NA,NA
House,CA,27,George Whitesides,Mike Garcia,NA,NA,215674,197258,91.46118679117556,0,NA,-6.4788617720694495,-12732,NA,NA,NA,NA,NA,NA,NA,NA,NA
House,CA,28,Judy Chu,April Verlato,NA,NA,336319,307693,91.48843806029394,0,NA,32.471740003619395,73567,NA,NA,NA,NA,NA,NA,NA,NA,NA
House,CA,29,Luz Rivas,Benito Bernal,NA,NA,242893,221255,91.09155060047016,0,NA,NA,NA,NA,NA,NA,NA,NA,NA,NA,NA,NA
House,CA,3,Jessica Morse,Kevin Kiley,NA,NA,340753,-5543,-1.6266914744697771,0,NA,-7.296591651660709,-24677,NA,NA,NA,NA,NA,NA,NA,NA,NA
House,CA,30,Laura Friedman,Alex Balekian,NA,NA,318276,305032,95.83883170581508,0,NA,NA,NA,NA,NA,NA,NA,NA,NA,NA,NA,NA
House,CA,31,Gil Cisneros,Daniel Martinez,NA,NA,233044,210798,90.45416316232128,0,NA,19.08478437754272,29319,NA,NA,NA,NA,NA,NA,NA,NA,NA
House,CA,32,Brad Sherman,Larry Thompson,NA,NA,328959,302093,91.83302478424363,0,NA,38.33962045870536,92793,NA,NA,NA,NA,NA,NA,NA,NA,NA
House,CA,33,Pete Aguilar,Tom Herman,NA,NA,248129,222997,89.87139753918325,0,NA,15.424205203945537,20469,NA,NA,NA,NA,NA,NA,NA,NA,NA
House,CA,34,Jimmy Gomez,NA,NA,NA,153622,153622,100,0,NA,NA,NA,NA,NA,NA,NA,NA,NA,NA,NA,NA
House,CA,35,Norma Torres,Mike Cargile,NA,NA,236067,93357,39.54682357127426,0,NA,14.729712186815116,19289,NA,NA,NA,NA,NA,NA,NA,NA,NA
House,CA,36,Ted Lieu,Melissa Toomim,NA,NA,367145,338653,92.23957836821964,0,NA,39.500938746351814,110035,NA,NA,NA,NA,NA,NA,NA,NA,NA
House,CA,37,Sydney Kamlager-Dove,NA,Juan Rey,NA,240859,236244,98.08394122702494,0,NA,NA,NA,NA,NA,NA,NA,NA,NA,NA,NA,NA
House,CA,38,Linda Sanchez,Eric Ching,NA,NA,290664,269740,92.80131010376242,0,NA,16.183143920922948,28209,NA,NA,NA,NA,NA,NA,NA,NA,NA
House,CA,39,Mark Takano,David Serpa,NA,NA,202077,153637,76.02893946366979,0,NA,15.346094515832428,20195,NA,NA,NA,NA,NA,NA,NA,NA,NA
House,CA,4,Mike Thompson,John Munn,NA,NA,296380,273956,92.4340373844389,0,NA,35.603874177388875,92893,NA,NA,NA,NA,NA,NA,NA,NA,NA
House,CA,40,Joe Kerr,Young Kim,NA,NA,382919,118899,31.05069218294209,0,NA,-13.670593118099546,-38867,NA,NA,NA,NA,NA,NA,NA,NA,NA
House,CA,41,Will Rollins,Ken Calvert,NA,NA,335503,295037,87.93870695642066,0,NA,-4.690709015458211,-11100,NA,NA,NA,NA,NA,NA,NA,NA,NA
House,CA,42,Robert Garcia,John Briscoe,NA,NA,225970,207088,91.64402354294818,0,NA,36.73787210584344,53314,NA,NA,NA,NA,NA,NA,NA,NA,NA
House,CA,43,Maxine Waters,Steve Williams,NA,NA,220974,207666,93.97757202204784,0,NA,54.66070459387429,67477,NA,NA,NA,NA,NA,NA,NA,NA,NA
House,CA,44,Nanette Barragan,Roger Groh,NA,NA,260557,228661,87.75853268190838,0,NA,44.41224389751575,61606,NA,NA,NA,NA,NA,NA,NA,NA,NA
House,CA,45,Derek Tran,Michelle Steel,NA,NA,316616,-78192,-24.696161912221744,0,NA,-4.826469695436608,-10494,NA,NA,NA,NA,NA,NA,NA,NA,NA
House,CA,46,Lou Correa,David Pan,NA,NA,219063,173315,79.11650986245965,0,NA,23.58232117689908,29784,NA,NA,NA,NA,NA,NA,NA,NA,NA
House,CA,47,Dave Min,Scott Baugh,NA,NA,255156,-115150,-45.12925426013889,0,NA,3.4306473168068967,9113,NA,NA,NA,NA,NA,NA,NA,NA,NA
House,CA,48,Stephen Houlahan,Darrell Issa,NA,NA,307278,248470,80.86163018504416,0,NA,-20.722290729020383,-53271,NA,NA,NA,NA,NA,NA,NA,NA,NA
House,CA,49,Mike Levin,Matt Gunderson,NA,NA,362737,308731,85.1115270843614,0,NA,5.260596088916311,15347,NA,NA,NA,NA,NA,NA,NA,NA,NA
House,CA,5,Mike Barkley,Tom McClintock,NA,NA,314005,-141579,-45.088135539243005,0,NA,-22.618803660389357,-64018,NA,NA,NA,NA,NA,NA,NA,NA,NA
House,CA,50,Scott Peters,Peter Bono,NA,NA,306384,268912,87.76959632356781,0,NA,25.684292813669103,68997,NA,NA,NA,NA,NA,NA,NA,NA,NA
House,CA,51,Sara Jacobs,Bill Wells,NA,NA,301525,250565,83.09924550203134,0,NA,23.726573762614127,55300,NA,NA,NA,NA,NA,NA,NA,NA,NA
House,CA,52,Juan Vargas,Justin Lee,NA,NA,257889,107451,41.6656003164152,0,NA,33.344811145838854,50356,NA,NA,NA,NA,NA,NA,NA,NA,NA
House,CA,6,Ami Bera,Christine Bish,NA,NA,297486,273594,91.96869768661382,0,NA,11.892339046967646,25733,NA,NA,NA,NA,NA,NA,NA,NA,NA
House,CA,7,Doris Matsui,Tom Silva,NA,NA,296090,278098,93.92346921544124,0,NA,36.52147508962117,80585,NA,NA,NA,NA,NA,NA,NA,NA,NA
House,CA,8,John Garamendi,Rudy Recile,NA,NA,208829,190659,91.29910117847616,0,NA,51.45704842948968,98867,NA,NA,NA,NA,NA,NA,NA,NA,NA
House,CA,9,Josh Harder,Kevin Lincoln,NA,NA,199295,158199,79.3793120750646,0,NA,9.630733944954128,16796,NA,NA,NA,NA,NA,NA,NA,NA,NA
House,CO,1,Diana DeGette,Valdamar Archuleta,NA,NA,301163,206535,68.57914152800974,0,NA,62.77033147450958,177399,NA,NA,NA,NA,NA,NA,NA,NA,NA
House,CO,2,Joe Neguse,Marshall Dawson,NA,NA,347333,118923,34.238900421209614,0,NA,41.9697912217384,146407,NA,NA,NA,NA,NA,NA,NA,NA,NA
House,CO,3,Adam Frisch,Jeff Hurd,NA,NA,342771,-32453,-9.467837127411595,0,NA,-0.16682707731793392,-546,NA,NA,NA,NA,NA,NA,NA,NA,NA
House,CO,4,Trish Calvarese,Lauren Boebert,NA,NA,382005,-9019,-2.3609638617295583,0,NA,-24.37287208085458,-86405,NA,NA,NA,NA,NA,NA,NA,NA,NA
House,CO,5,River Gassen,Jeff Crank,Joseph Gaye,NA,294483,-31329,-10.63864467558399,0,NA,-15.667496510339468,-43550,NA,NA,NA,NA,NA,NA,NA,NA,NA
House,CO,6,Jason Crow,John Fabbricatore,NA,NA,317075,25121,7.922731215012221,0,NA,23.17180459831526,65056,NA,NA,NA,NA,NA,NA,NA,NA,NA
House,CO,7,Brittany Pettersen,Sergei Matveyuk,NA,NA,379756,64418,16.96299729299866,0,NA,14.981806980728877,54474,NA,NA,NA,NA,NA,NA,NA,NA,NA
House,CO,8,Yadira Caraveo,Gabe Evans,NA,NA,301813,31241,10.351111449805012,0,NA,0.690060507143733,1632,NA,NA,NA,NA,NA,NA,NA,NA,NA
House,CT,1,John Larson,Jim Griffin,NA,NA,328811,241955,73.58482532518681,0,NA,21.879522616670695,53367,NA,NA,NA,NA,NA,NA,NA,NA,NA
House,CT,2,Joe Courtney,Mike France,NA,NA,351440,105162,29.923173230138858,0,NA,18.047159782620135,51440,NA,NA,NA,NA,NA,NA,NA,NA,NA
House,CT,3,Rosa DeLauro,Michael Massey,NA,NA,327974,94322,28.758986992871385,0,NA,16.163131410956478,39220,NA,NA,NA,NA,NA,NA,NA,NA,NA
House,CT,4,Jim Himes,Michael Goldstein,Jaden Skudlarek,NA,304225,105285,34.60760949954803,0,NA,19.879788549838192,46933,NA,NA,NA,NA,NA,NA,NA,NA,NA
House,CT,5,Jahana Hayes,George Logan,NA,NA,321548,127464,39.640737930262354,0,NA,0.18764388659371156,476,NA,NA,NA,NA,NA,NA,NA,NA,NA
House,DE,1,Sarah McBride,John Whalen III,NA,NA,451014,162630,36.05874762202504,0,NA,NA,NA,NA,NA,NA,NA,NA,NA,NA,NA,NA
House,FL,1,Gay Valimont,Matt Gaetz,NA,100,360504,-322862,-89.55850697911812,0,NA,-35.720868177816904,-103882,NA,NA,NA,NA,NA,NA,NA,NA,NA
House,FL,10,Maxwell Alejandro Frost,Willie Montague,NA,NA,291343,256387,88.0017711082813,0,NA,19.564303936771548,39111,NA,NA,NA,NA,NA,NA,NA,NA,NA
House,FL,11,Barbie Harden Hall,Daniel Webster,NA,100,395441,-74401,-18.81469043422407,0,NA,-27.662434286869008,-90348,NA,NA,NA,NA,NA,NA,NA,NA,NA
House,FL,12,Rock Aboujaoude,Gus Bilirakis,NA,100,396328,-335734,-84.71114834177752,0,NA,-40.749390518486315,-131211,NA,NA,NA,NA,NA,NA,NA,NA,NA
House,FL,13,Whitney Fox,Anna Paulina Luna,NA,NA,391488,-227064,-58.00024521824424,0,NA,-8.084123368448173,-27611,NA,NA,NA,NA,NA,NA,NA,NA,NA
House,FL,14,Kathy Castor,Rocky Rochford,Christopher Bradley,100,332586,28455,8.555681838682325,0,NA,13.797479898466356,36310,NA,NA,NA,NA,NA,NA,NA,NA,NA
House,FL,15,Pat Kemp,Laurel Lee,NA,100,332133,78803,23.72633854510091,0,NA,-17.086602110830707,-42384,NA,NA,NA,NA,NA,NA,NA,NA,NA
House,FL,16,Jan Schneider,Vernon Buchanan,NA,100,366925,-308995,-84.21203243169585,0,NA,-24.29508969799383,-74187,NA,NA,NA,NA,NA,NA,NA,NA,NA
House,FL,17,Manny Lopez,Greg Steube,NA,100,388445,-151611,-39.03023594073807,0,NA,-28.31658565419247,-98685,NA,NA,NA,NA,NA,NA,NA,NA,NA
House,FL,18,Andrea Doria Kale,Scott Franklin,NA,100,324647,-234709,-72.29667916229012,0,NA,NA,NA,NA,NA,NA,NA,NA,NA,NA,NA,NA
House,FL,19,Kari Lerner,Byron Donalds,NA,100,359617,-301003,-83.70099300088705,0,NA,-36.009691196843654,-112809,NA,NA,NA,NA,NA,NA,NA,NA,NA
House,FL,2,Yen Bailey,Neal Dunn,NA,100,365460,-30488,-8.342363049307721,0,NA,-19.603568809744218,-59083,NA,NA,NA,NA,NA,NA,NA,NA,NA
House,FL,20,Sheila Cherfilus-McCormick,NA,NA,0,0,0,NA,NA,NA,44.62801142456706,84064,NA,NA,NA,NA,NA,NA,NA,NA,NA
House,FL,21,Thomas Witkop,Brian Mast,NA,100,406792,-7420,-1.824028004483864,0,NA,-27.00811250970305,-88723,NA,NA,NA,NA,NA,NA,NA,NA,NA
House,FL,22,Lois Frankel,Daniel Franzese,NA,100,341853,184583,53.99484573778788,0,NA,10.218806483372765,27816,NA,NA,NA,NA,NA,NA,NA,NA,NA
House,FL,23,Jared Moskowitz,Joe Kaufman,NA,100,360555,299357,83.0267226914063,0,NA,4.755437217119574,13270,NA,NA,NA,NA,NA,NA,NA,NA,NA
House,FL,24,Frederica Wilson,Jesus Navarro,NA,100,289352,-49948,-17.26201996184578,0,NA,43.570156704735574,80993,NA,NA,NA,NA,NA,NA,NA,NA,NA
House,FL,25,Debbie Wasserman Schultz,Christopher Eddy,NA,100,341473,307331,90.0015520992875,0,NA,10.187239707789992,23874,NA,NA,NA,NA,NA,NA,NA,NA,NA
House,FL,26,Joey David Atkins,Mario Diaz-Balart,NA,100,276652,54640,19.75044460188251,0,NA,-41.74599718962139,-84372,NA,NA,NA,NA,NA,NA,NA,NA,NA
House,FL,27,Lucia Baez-Geller,Mar√≠a Elvira-Salazar,NA,99.88452655889144,316349,-278341,-87.98542116459986,0,NA,-14.58629896985369,-34634,NA,NA,NA,NA,NA,NA,NA,NA,NA
House,FL,28,Phil Ehr,Carlos Gimenez,NA,100,309505,184023,59.45719778355762,0,NA,-27.3701160312574,-57792,NA,NA,NA,NA,NA,NA,NA,NA,NA
House,FL,3,Tom Wells,Kat Cammack,NA,100,361603,-118327,-32.722903294497,0,NA,-26.227039625403226,-74719,NA,NA,NA,NA,NA,NA,NA,NA,NA
House,FL,4,LaShonda Holloway,Aaron Bean,NA,100,365142,-62340,-17.072810030070492,0,NA,-20.902361521034063,-57294,NA,NA,NA,NA,NA,NA,NA,NA,NA
House,FL,5,Jay McGovern,John Rutherford,NA,100,383087,47495,12.397967041429231,0,NA,NA,NA,NA,NA,NA,NA,NA,NA,NA,NA,NA
House,FL,6,James Stockton,Michael Waltz,NA,100,392386,-302236,-77.02517419072036,0,NA,NA,NA,NA,NA,NA,NA,NA,NA,NA,NA,NA
House,FL,7,Jennifer Ada,Cory Mills,NA,100,393367,-240589,-61.16145990894,0,NA,-17.065004686652085,-51887,NA,NA,NA,NA,NA,NA,NA,NA,NA
House,FL,8,Sandy Kennedy,Mike Haridopolos,NA,100,414521,-345773,-83.41507426644247,0,NA,-29.820460071067888,-102048,NA,NA,NA,NA,NA,NA,NA,NA,NA
House,FL,9,Darren Soto,Thomas Chalifoux,Marcus Carter,NA,307742,35774,11.624672615372615,0,NA,7.270912397216951,14714,NA,NA,NA,NA,NA,NA,NA,NA,NA
House,GA,1,Patti Hewitt,Earl Carter,Joyce Griggs,NA,305098,-8585,-2.8138499760732616,0,NA,-18.294470857878885,-48291,NA,NA,NA,NA,NA,NA,NA,NA,NA
House,GA,10,Lexy Doherty,Mike Collins,NA,NA,360807,-89735,-24.870637210475408,0,NA,-29.066085882391185,-89416,NA,NA,NA,NA,NA,NA,NA,NA,NA
House,GA,11,Katy Stamper,Barry Loudermilk,NA,NA,359303,-40645,-11.312179414032167,0,NA,-25.197838350507315,-76515,NA,NA,NA,NA,NA,NA,NA,NA,NA
House,GA,12,Liz Johnson,Rick Allen,NA,NA,313850,-122490,-39.02819818384579,0,NA,-19.19304662606761,-50899,NA,NA,NA,NA,NA,NA,NA,NA,NA
House,GA,13,David Scott,Jonathan Chavez,NA,NA,319743,284589,89.00554507839108,0,NA,63.548689421652504,168160,NA,NA,NA,NA,NA,NA,NA,NA,NA
House,GA,14,Shawn Harris,Marjorie Taylor Greene,NA,NA,330502,-172696,-52.2526338721097,0,NA,-31.729313995300966,-81973,NA,NA,NA,NA,NA,NA,NA,NA,NA
House,GA,2,Sanford Bishop,A Wayne Johnson,Colleen Massey,NA,282648,6801,2.406173049163624,0,NA,9.948620203861772,24010,NA,NA,NA,NA,NA,NA,NA,NA,NA
House,GA,3,Maura Keller,Brian Jack,George Cantrell,NA,364376,-140659,-38.60270709377127,0,NA,-37.49971826995212,-116467,NA,NA,NA,NA,NA,NA,NA,NA,NA
House,GA,4,Hank Johnson,Eugene Yu,NA,NA,276026,260746,94.46428959590764,0,NA,56.970475340487745,157030,NA,NA,NA,NA,NA,NA,NA,NA,NA
House,GA,5,Nikema Williams,John Salvesen,NA,NA,299710,282176,94.14967802208804,0,NA,64.95654175240983,191918,NA,NA,NA,NA,NA,NA,NA,NA,NA
House,GA,6,Lucy McBath,Jeff Criswell,NA,NA,323138,254272,78.68836224770841,0,NA,-24.44345529897924,-81274,NA,NA,NA,NA,NA,NA,NA,NA,NA
House,GA,7,Bob Christian,Rich McCormick,Charles King,NA,369493,11098,3.003575169218361,0,NA,21.74149821944443,51101,NA,NA,NA,NA,NA,NA,NA,NA,NA
House,GA,8,Darrius Butler,Austin Scott,NA,NA,305413,-169391,-55.462930523586095,0,NA,-37.152418011712065,-96814,NA,NA,NA,NA,NA,NA,NA,NA,NA
House,GA,9,Tambrei Cash,Andrew Clyde,NA,NA,337364,-88762,-26.310453990348705,0,NA,-44.70758623503254,-131502,NA,NA,NA,NA,NA,NA,NA,NA,NA
House,HI,1,Ed Case,Patrick Largey,NA,NA,193156,84354,43.67143655905072,0,NA,45.62205378054927,92329,NA,NA,NA,NA,NA,NA,NA,NA,NA
House,HI,2,Jill Tokuda,Steven Bond,NA,NA,208255,85175,40.89937816619049,0,NA,25.59301334193608,55533,NA,NA,NA,NA,NA,NA,NA,NA,NA
House,IA,1,Christina Bohannan,Mariannette Miller-Meeks,NA,NA,387440,-70850,-18.286702457154657,0,NA,-6.7070020921042435,-20774,NA,NA,NA,NA,NA,NA,NA,NA,NA
House,IA,2,Sarah Corkery,Ashley Hinson,Jody Puffett,NA,395903,-12245,-3.092929328648684,0,NA,-8.1618751691254,-26241,NA,NA,NA,NA,NA,NA,NA,NA,NA
House,IA,3,Lanon Baccam,Zach Nunn,NA,NA,389557,72173,18.52694214197152,0,NA,-0.6808680829992477,-2145,NA,NA,NA,NA,NA,NA,NA,NA,NA
House,IA,4,Ryan Melton,Randy Feenstra,NA,NA,364694,-270970,-74.30064656945275,0,NA,-35.98196625535839,-102237,NA,NA,NA,NA,NA,NA,NA,NA,NA
House,ID,1,Kaylee Peterson,Ross Fulcher,NA,NA,394667,-106633,-27.018473801964696,0,NA,-45.01315444146434,-140640,NA,NA,NA,NA,NA,NA,NA,NA,NA
House,ID,2,David Roth,Mike Simpson,NA,NA,359236,-108308,-30.149539578438688,0,NA,-27.182081670882717,-73714,NA,NA,NA,NA,NA,NA,NA,NA,NA
House,IL,1,Jonathan Jackson,Marcus Lewis,NA,NA,341355,116145,34.02469569802698,0,NA,34.067179109192374,80884,NA,NA,NA,NA,NA,NA,NA,NA,NA
House,IL,10,Brad Schneider,Jim Carris,Joseph Severino,NA,332099,16653,5.0144685771411535,0,NA,26.00169306051659,62967,NA,NA,NA,NA,NA,NA,NA,NA,NA
House,IL,11,Bill Foster,Jerry Evans,NA,NA,353413,1433,0.4054746146859341,0,NA,12.906021397133678,34103,NA,NA,NA,NA,NA,NA,NA,NA,NA
House,IL,12,Brian Roberts,Mike Bost,NA,NA,348353,-280859,-80.6248259667636,0,NA,-50.0008586019899,-145588,NA,NA,NA,NA,NA,NA,NA,NA,NA
House,IL,13,Nikki Budzinski,Joshua Loyd,NA,NA,313858,-63504,-20.233353937130804,0,NA,13.232980634857256,33142,NA,NA,NA,NA,NA,NA,NA,NA,NA
House,IL,14,Lauren Underwood,James Marter,NA,NA,321565,-72901,-22.67068866325626,0,NA,8.322062552831783,19690,NA,NA,NA,NA,NA,NA,NA,NA,NA
House,IL,15,NA,Mary Miller,NA,NA,0,0,NA,NA,NA,-42.28781942732705,-126611,NA,NA,NA,NA,NA,NA,NA,NA,NA
House,IL,16,NA,Darin  LaHood,NA,NA,0,0,NA,NA,NA,-32.65558188396555,-97296,NA,NA,NA,NA,NA,NA,NA,NA,NA
House,IL,17,Eric Sorensen,Joseph McGraw,NA,NA,291206,-29874,-10.258717196761056,0,NA,3.970007249391952,9255,NA,NA,NA,NA,NA,NA,NA,NA,NA
House,IL,2,Robin Kelly,Ashley Ramos,NA,NA,305980,103660,33.87803124387215,0,NA,34.25504959961754,71653,NA,NA,NA,NA,NA,NA,NA,NA,NA
House,IL,3,Delia Ramirez,John Booras,Angel Oakley,NA,269370,16878,6.26573115046219,0,NA,36.99897051626078,65769,NA,NA,NA,NA,NA,NA,NA,NA,NA
House,IL,4,Jesus Garcia,Lupe Castillo,NA,NA,208908,105134,50.32550213491106,0,NA,40.34965087525461,53684,NA,NA,NA,NA,NA,NA,NA,NA,NA
House,IL,5,Mike Quigley,Tom Hanson,NA,NA,358251,140507,39.2202673544526,0,NA,40.752868329994534,111887,NA,NA,NA,NA,NA,NA,NA,NA,NA
House,IL,6,Sean Casten,Niki Conforti,NA,NA,370352,294402,79.49248282714822,0,NA,8.721045730859391,24145,NA,NA,NA,NA,NA,NA,NA,NA,NA
House,IL,7,Danny Davis,Chad Koppie,NA,NA,277512,77002,27.747268586583644,0,NA,NA,NA,NA,NA,NA,NA,NA,NA,NA,NA,NA
House,IL,8,Raja Krishnamoorthi,Mark Rice,NA,NA,306426,272938,89.07142344318041,0,NA,13.775547137031586,28545,NA,NA,NA,NA,NA,NA,NA,NA,NA
House,IL,9,Jan Schakowsky,Seth Cohen,NA,NA,344954,143578,41.62236124236855,0,NA,43.388017403105415,108700,NA,NA,NA,NA,NA,NA,NA,NA,NA
House,IN,1,Frank Mrvan,Randall Niemeyer,NA,NA,309018,18594,6.017125216006835,0,NA,5.681802192235715,12114,NA,NA,NA,NA,NA,NA,NA,NA,NA
House,IN,2,Lori Camp,Rudy Yakym,NA,NA,280496,-56288,-20.067309337744568,0,NA,-32.16418564148542,-62422,NA,NA,NA,NA,NA,NA,NA,NA,NA
House,IN,3,Kiley Adolph,Marlin Stutzman,NA,NA,302285,-121869,-40.315927022511865,0,NA,-35.229381468874976,-71002,NA,NA,NA,NA,NA,NA,NA,NA,NA
House,IN,4,Derrick Holder,Jim Baird,NA,NA,317857,-96617,-30.396373211853128,0,NA,-36.43435947758703,-72030,NA,NA,NA,NA,NA,NA,NA,NA,NA
House,IN,5,Deborah Pickett,Victoria Spartz,Robby Slaughter,NA,340770,-54063,-15.86495290078352,0,NA,-22.14125303634447,-53141,NA,NA,NA,NA,NA,NA,NA,NA,NA
House,IN,6,Cynthia Wirth,Jefferson Shreve,NA,NA,303458,-49476,-16.30406843780688,0,NA,-35.05921746140014,-67848,NA,NA,NA,NA,NA,NA,NA,NA,NA
House,IN,7,Andre Carson,John Schmitz,NA,NA,268941,73349,27.27326811456788,0,NA,36.350039958899416,63678,NA,NA,NA,NA,NA,NA,NA,NA,NA
House,IN,8,Erik Hurt,Mark Messmer,NA,NA,314907,-105497,-33.50100188309565,0,NA,-34.20014812071839,-73886,NA,NA,NA,NA,NA,NA,NA,NA,NA
House,IN,9,Timothy Peck,Erin Houchin,NA,NA,321701,-101281,-31.482960886040143,0,NA,-29.94815248850299,-67466,NA,NA,NA,NA,NA,NA,NA,NA,NA
House,KS,1,Paul Buskirk,Tracey Mann,NA,100,289225,-188637,-65.22154032327772,0,NA,-35.332284785571986,-84241,NA,NA,NA,NA,NA,NA,NA,NA,NA
House,KS,2,Nancy Boyda,Derek Schmidt,NA,100,288112,-54718,-18.991919808963186,0,NA,-15.278670540542857,-35654,NA,NA,NA,NA,NA,NA,NA,NA,NA
House,KS,3,Sharice Davids,Prasanth Reddy,NA,100,359170,-37622,-10.474705571177994,0,NA,12.176810689890935,36688,NA,NA,NA,NA,NA,NA,NA,NA,NA
House,KS,4,Esaua Freeman,Ron Estes,NA,100,298842,-254708,-85.2316608776544,0,NA,-26.684445221649035,-61038,NA,NA,NA,NA,NA,NA,NA,NA,NA
House,KY,1,Erin Marshall,James Comer,NA,NA,321712,-261956,-81.42562291739195,0,NA,-49.80761252430265,-122456,NA,NA,NA,NA,NA,NA,NA,NA,NA
House,KY,2,Hank Linderman,Brett  Guthrie,NA,NA,328905,-264095,-80.29522202459677,0,NA,-43.71564891931079,-103718,NA,NA,NA,NA,NA,NA,NA,NA,NA
House,KY,3,Morgan McGarvey,Mike Craven,NA,NA,327425,281589,86.00106894708712,0,NA,23.99311213581574,62283,NA,NA,NA,NA,NA,NA,NA,NA,NA
House,KY,4,NA,Thomas Massie,NA,NA,0,0,NA,NA,NA,-33.98840968990292,-87564,NA,NA,NA,NA,NA,NA,NA,NA,NA
House,KY,5,NA,Hal Rogers,NA,NA,0,0,NA,NA,NA,-64.34688121329819,-139163,NA,NA,NA,NA,NA,NA,NA,NA,NA
House,KY,6,Randy Cravens,Andy Barr,NA,NA,336208,-59410,-17.670608670822823,0,NA,-29.072839096014068,-71757,NA,NA,NA,NA,NA,NA,NA,NA,NA
House,MA,1,Richard Neal,NA,NA,100,329577,329577,100,0,NA,22.472511008871574,59249,NA,NA,NA,NA,NA,NA,NA,NA,NA
House,MA,2,Jim McGovern,NA,Cornelius Shea,100,363241,353484,97.31390454271408,0,NA,31.66447079490558,88683,NA,NA,NA,NA,NA,NA,NA,NA,NA
House,MA,3,Lori Trahan,NA,NA,0,0,0,NA,NA,NA,26.218728743103316,65911,NA,NA,NA,NA,NA,NA,NA,NA,NA
House,MA,4,Jake Auchincloss,NA,NA,0,0,0,NA,NA,NA,NA,NA,NA,NA,NA,NA,NA,NA,NA,NA,NA
House,MA,5,Katherine Clark,NA,NA,0,0,0,NA,NA,NA,46.51170137706622,132503,NA,NA,NA,NA,NA,NA,NA,NA,NA
House,MA,6,Seth Moulton,NA,NA,0,0,0,NA,NA,NA,27.040355135094973,87349,NA,NA,NA,NA,NA,NA,NA,NA,NA
House,MA,7,Ayanna Pressley,NA,NA,0,0,0,NA,NA,NA,65.68824737923406,124696,NA,NA,NA,NA,NA,NA,NA,NA,NA
House,MA,8,Stephen Lynch,Robert Burke,NA,100,377316,334618,88.68375579090205,0,NA,37.90142067516331,107861,NA,NA,NA,NA,NA,NA,NA,NA,NA
House,MA,9,William  Keating,Dan Sullivan,NA,100,431389,269485,62.46914038141909,0,NA,17.951555678848315,61476,NA,NA,NA,NA,NA,NA,NA,NA,NA
House,MD,1,Blane Miller,Andy Harris,NA,NA,379796,-56164,-14.787938788191555,0,NA,-11.304276685824147,-33162,NA,NA,NA,NA,NA,NA,NA,NA,NA
House,MD,2,John Olszewski,Kim Klacik,NA,NA,361871,88203,24.374155431079032,0,NA,18.59786763226715,49923,NA,NA,NA,NA,NA,NA,NA,NA,NA
House,MD,3,Sarah Elfreth,Robert Steinberger,NA,NA,374229,119841,32.02344019303688,0,NA,20.47756874095514,59713,NA,NA,NA,NA,NA,NA,NA,NA,NA
House,MD,4,Glenn Ivey,George McDermott,NA,NA,262639,251539,95.77366651563553,0,NA,80.4498496959546,128727,NA,NA,NA,NA,NA,NA,NA,NA,NA
House,MD,5,Steny Hoyer,Michelle Talkington,NA,NA,388821,113987,29.316060603722537,0,NA,31.950743897154418,88478,NA,NA,NA,NA,NA,NA,NA,NA,NA
House,MD,6,April McClain-Delaney,Neil Parrott,NA,NA,346060,115054,33.24683580881928,0,NA,9.564817198262077,24524,NA,NA,NA,NA,NA,NA,NA,NA,NA
House,MD,7,Kweisi Mfume,Scott Collier,NA,NA,273874,168266,61.439201968788566,0,NA,64.34110205031358,118903,NA,NA,NA,NA,NA,NA,NA,NA,NA
House,MD,8,Jamie Raskin,Cheryl Riley,NA,NA,352069,176012,49.99360920728607,0,NA,62.026221963165106,163877,NA,NA,NA,NA,NA,NA,NA,NA,NA
House,ME,1,Chellie Pingree,Ronald Russell,Ethan Alcorn,NA,388007,90410,23.30112601061321,0,NA,25.266796597959445,90490,NA,NA,NA,NA,NA,NA,NA,NA,NA
House,ME,2,Jared Golden,Austin Theriault,NA,100,351045,-71363,-20.32873278354627,0,NA,6.003502095568016,18994,NA,NA,NA,NA,NA,NA,NA,NA,NA
House,MI,1,Callie Barr,John Bergman,NA,100,409940,-87644,-21.379714104503098,0,NA,-22.565935578835767,-87691,NA,NA,NA,NA,NA,NA,NA,NA,NA
House,MI,10,Carl Marlinga,John James,NA,100,381234,20756,5.444425208664494,0,NA,-0.4904409984152625,-1600,NA,NA,NA,NA,NA,NA,NA,NA,NA
House,MI,11,Haley Stevens,Nick Somberg,NA,100,423618,50763,11.983201846947011,0,NA,22.637835594067383,82895,NA,NA,NA,NA,NA,NA,NA,NA,NA
House,MI,12,Rashida Tlaib,James Hooper,NA,100,347016,121589,35.03844203149134,0,NA,44.584025333511065,123755,NA,NA,NA,NA,NA,NA,NA,NA,NA
House,MI,13,Shri Thanedar,Martell Bivings,NA,NA,286452,109738,38.30938516749752,0,NA,47.11700875262323,110463,NA,NA,NA,NA,NA,NA,NA,NA,NA
House,MI,2,Michael Lynch,John Moolenaar,NA,100,368200,-79620,-21.62411732753938,0,NA,-29.385516654345388,-99770,NA,NA,NA,NA,NA,NA,NA,NA,NA
House,MI,3,Hillary Scholten,Paul Hudson,NA,NA,366425,19339,5.277751245138841,0,NA,12.909011528431686,43760,NA,NA,NA,NA,NA,NA,NA,NA,NA
House,MI,4,Jessica Swartz,Bill Huizenga,NA,NA,377034,3200,0.8487298227746038,0,NA,-11.894853819144783,-40246,NA,NA,NA,NA,NA,NA,NA,NA,NA
House,MI,5,Libbi Urban,Tim Walberg,NA,100,370047,-94391,-25.507840895886197,0,NA,-27.445801209110567,-87074,NA,NA,NA,NA,NA,NA,NA,NA,NA
House,MI,6,Debbie Dingell,Heather Smiley,NA,100,403706,156786,38.83667817669294,0,NA,31.77525774881652,116592,NA,NA,NA,NA,NA,NA,NA,NA,NA
House,MI,7,Curtis Hertel,Tom Barrett,NA,100,404659,24225,5.986521985177643,0,NA,5.415767839702931,20185,NA,NA,NA,NA,NA,NA,NA,NA,NA
House,MI,8,Kristen McDonald Rivet,Paul Junge,NA,NA,362818,-33721,-9.294191578146618,0,NA,10.26474783297452,34472,NA,NA,NA,NA,NA,NA,NA,NA,NA
House,MI,9,Clinton St. Mosley,Lisa McClain,NA,100,422871,-44677,-10.565160533590625,0,NA,-30.729750457200165,-114598,NA,NA,NA,NA,NA,NA,NA,NA,NA
House,MN,1,Rachel Bohman,Brad Finstad,NA,NA,352102,-97476,-27.68402337958887,0,NA,NA,NA,NA,NA,NA,NA,NA,NA,NA,NA,NA
House,MN,2,Angie Craig,Joe Teirab,NA,NA,386917,-1385,-0.3579579082852395,0,NA,5.225334283747911,17007,NA,NA,NA,NA,NA,NA,NA,NA,NA
House,MN,3,Kelly Morrison,Tad Jude,NA,NA,398429,287663,72.199312801026025,0,NA,19.191964566469316,64086,NA,NA,NA,NA,NA,NA,NA,NA,NA
House,MN,4,Betty McCollum,May Lor Xiong,NA,NA,352965,326017,92.3652486790475,0,NA,35.328222506782716,104562,NA,NA,NA,NA,NA,NA,NA,NA,NA
House,MN,5,Ilhan Omar,Dalia Al-Aqidi,NA,NA,332727,287187,86.31310353533077,0,NA,49.79840808310722,143522,NA,NA,NA,NA,NA,NA,NA,NA,NA
House,MN,6,Jeanne Hendricks,Tom Emmer,NA,NA,397229,-329641,-82.9851294845039,0,NA,NA,NA,NA,NA,NA,NA,NA,NA,NA,NA,NA
House,MN,7,John Peters,Michelle Fischbach,NA,NA,368325,-287621,-78.08891603882441,0,NA,NA,NA,NA,NA,NA,NA,NA,NA,NA,NA,NA
House,MN,8,Jennifer Schultz,Peter Stauber,NA,NA,393683,-48945,-12.432591704493207,0,NA,NA,NA,NA,NA,NA,NA,NA,NA,NA,NA,NA
House,MO,1,Wesley Bell,Andrew Jones,NA,100,305806,150231,49.1262434353806,0,NA,48.530489957367465,107232,NA,NA,NA,NA,NA,NA,NA,NA,NA
House,MO,2,Ray Hartmann,Ann Wagner,NA,99.05511811023622,403468,29752,7.374066840492926,0,NA,-11.842263658423777,-37382,NA,NA,NA,NA,NA,NA,NA,NA,NA
House,MO,3,Bethany Mann,Bob Onder,NA,100,367264,-103926,-28.29735558072667,0,NA,-30.22186839194948,-83895,NA,NA,NA,NA,NA,NA,NA,NA,NA
House,MO,4,Jeanette Cass,Mark Alford,NA,100,323227,-120917,-37.4093129596228,0,NA,-45.01389765523622,-114821,NA,NA,NA,NA,NA,NA,NA,NA,NA
House,MO,5,Emanuel Cleaver,Sean Smith,NA,NA,230524,-70461,-30.56558102410161,0,NA,24.584155624471386,56680,NA,NA,NA,NA,NA,NA,NA,NA,NA
House,MO,6,Pam May,Sam Graves,NA,100,339822,-96549,-28.411639034553385,0,NA,-42.83584133408396,-112612,NA,NA,NA,NA,NA,NA,NA,NA,NA
House,MO,7,Missi Hesketh,Eric Burlison,NA,100,322620,-141062,-43.723885685946314,0,NA,-44.0993542292625,-111107,NA,NA,NA,NA,NA,NA,NA,NA,NA
House,MO,8,Randi McCallian,Jason Smith,NA,100,329844,-144068,-43.67761729787415,0,NA,-54.08993663277573,-132734,NA,NA,NA,NA,NA,NA,NA,NA,NA
House,MS,1,Dianne Black,Trent Kelly,NA,NA,306166,-202548,-66.1562681682486,0,NA,-45.94865851400032,-76913,NA,NA,NA,NA,NA,NA,NA,NA,NA
House,MS,2,Bennie  Thompson,Ronald Eller,NA,NA,297319,120305,40.46327345376515,0,NA,20.203808646326504,36401,NA,NA,NA,NA,NA,NA,NA,NA,NA
House,MS,3,NA,Michael Guest,NA,NA,0,0,NA,NA,NA,-41.47604707289464,-77678,NA,NA,NA,NA,NA,NA,NA,NA,NA
House,MS,4,Craig Raybon,Mike Ezell,NA,NA,275291,-248621,-90.31206977343976,0,NA,-48.74209505445948,-84937,NA,NA,NA,NA,NA,NA,NA,NA,NA
House,MT,1,Monica Tranel,Ryan Zinke,NA,NA,275931,-16613,-6.020708075569617,0,NA,-3.160590417809324,-7837,NA,NA,NA,NA,NA,NA,NA,NA,NA
House,MT,2,John Driscoll,Troy Downing,NA,NA,261862,-220694,-84.27874223827818,0,NA,-36.3973997551838,-78499,NA,NA,NA,NA,NA,NA,NA,NA,NA
House,NC,1,Don Davis,Laurie Buckhout,NA,NA,347602,1664,0.47870840789178426,0,NA,4.738998199987586,12216,NA,NA,NA,NA,NA,NA,NA,NA,NA
House,NC,10,Ralph Scott,Patrick Harrigan,NA,NA,349744,-70446,-20.142161123564662,0,NA,-45.30344099892993,-121507,NA,NA,NA,NA,NA,NA,NA,NA,NA
House,NC,11,Caleb Rudow,Chuck Edwards,NA,NA,384261,-86889,-22.61197467346413,0,NA,-9.282459433426364,-30067,NA,NA,NA,NA,NA,NA,NA,NA,NA
House,NC,12,Alma Adams,Addul Ali,NA,NA,302599,254185,84.00060806545957,0,NA,25.492613037497545,57080,NA,NA,NA,NA,NA,NA,NA,NA,NA
House,NC,13,Frank Pierce,Brad Knott,NA,NA,370386,-129364,-34.92680608878305,0,NA,3.1851910609851952,8834,NA,NA,NA,NA,NA,NA,NA,NA,NA
House,NC,14,Pam Genant,Tim Moore,NA,100,359868,-103432,-28.74164971600698,0,NA,15.411713585151618,39724,NA,NA,NA,NA,NA,NA,NA,NA,NA
House,NC,2,Deborah Ross,Alan Swain,NA,NA,357603,57240,16.006577126030823,0,NA,29.35506953935477,86559,NA,NA,NA,NA,NA,NA,NA,NA,NA
House,NC,3,NA,Greg Murphy,NA,100,317982,-317982,-100,0,NA,-33.805816037091496,-84142,NA,NA,NA,NA,NA,NA,NA,NA,NA
House,NC,4,Valerie Foushee,Eric Blankenburg,NA,NA,362179,175329,48.409488126037125,0,NA,33.81350261645363,98541,NA,NA,NA,NA,NA,NA,NA,NA,NA
House,NC,5,Chuck Hubbard,Virginia  Foxx,NA,NA,364097,-85279,-23.42205511168727,0,NA,-26.305359793621285,-73010,NA,NA,NA,NA,NA,NA,NA,NA,NA
House,NC,6,NA,Addison McDowell,NA,NA,339921,-339921,-100,0,NA,8.848716978509486,22918,NA,NA,NA,NA,NA,NA,NA,NA,NA
House,NC,7,Marlando Pridgen,David  Rouzer,NA,100,376900,55530,14.733351021491112,0,NA,-15.416735556814144,-43825,NA,NA,NA,NA,NA,NA,NA,NA,NA
House,NC,8,Justin Dues,Mark Harris,NA,NA,362981,-183327,-50.50594934721101,0,NA,-39.82142178654204,-104806,NA,NA,NA,NA,NA,NA,NA,NA,NA
House,NC,9,Nigel Bristow,Richard  Hudson,Shelane Etchison,NA,337225,-21187,-6.282748906516421,0,NA,-13.002514452730438,-30251,NA,NA,NA,NA,NA,NA,NA,NA,NA
House,ND,1,Trygve Hammer,Julie Fedorchak,NA,NA,337480,-135628,-40.18845561218443,0,NA,NA,NA,NA,NA,NA,NA,NA,NA,NA,NA,NA
House,NE,1,Carol Blood,Mike Flood,NA,NA,291000,11442,3.9319587628865977,0,NA,-15.821029283265744,-35307,NA,NA,NA,NA,NA,NA,NA,NA,NA
House,NE,2,Tony Vargas,Don Bacon,NA,NA,285007,154563,54.231299582115525,0,NA,-2.6682462295530143,-5856,NA,NA,NA,NA,NA,NA,NA,NA,NA
House,NE,3,Daniel Ebers,Adrian Smith,NA,NA,293668,-270598,-92.14419003772969,0,NA,-62.50861474844935,-137864,NA,NA,NA,NA,NA,NA,NA,NA,NA
House,NH,1,Chris Pappas,Russell Prescott,NA,100,377628,85496,22.640270318938217,0,NA,8.117769274943381,25162,NA,NA,NA,NA,NA,NA,NA,NA,NA
House,NH,2,Maggie Goodlander,Lily Williams,Sterling Sykes,100,365950,29924,8.177073370679054,0,NA,11.722651373283396,36057,NA,NA,NA,NA,NA,NA,NA,NA,NA
House,NJ,1,Donald Norcross,Theodore Liddell,Austin Johnson,NA,383820,36134,9.414308790578918,0,NA,27.141287452430724,60765,NA,NA,NA,NA,NA,NA,NA,NA,NA
House,NJ,10,LaMonica McIver,Carmen Bucco,NA,NA,242955,96100,39.55465003807289,0,NA,57.60444694580863,74717,NA,NA,NA,NA,NA,NA,NA,NA,NA
House,NJ,11,Mikie Sherrill,Joseph Belnome,NA,NA,399263,107775,26.99348549702827,0,NA,18.81285079513564,51484,NA,NA,NA,NA,NA,NA,NA,NA,NA
House,NJ,12,Bonnie Coleman,Darius Mayfield,NA,NA,330537,83954,25.399274513897083,0,NA,27.21728119781866,53952,NA,NA,NA,NA,NA,NA,NA,NA,NA
House,NJ,2,Joe Salerno,Jeff Van Drew,NA,NA,394388,-28815,-7.30625678266073,0,NA,-18.899798717883662,-44695,NA,NA,NA,NA,NA,NA,NA,NA,NA
House,NJ,3,Herbert Conaway,Rajesh Mohan,NA,NA,392800,41065,10.454429735234216,0,NA,11.822342432639584,32083,NA,NA,NA,NA,NA,NA,NA,NA,NA
House,NJ,4,Matthew Jenkins,Chris Smith,NA,NA,400985,-115615,-28.832749354714014,0,NA,-35.54768653315931,-92055,NA,NA,NA,NA,NA,NA,NA,NA,NA
House,NJ,5,Josh Gottheimer,Mary Jo Guinchard,NA,NA,386329,49810,12.893155833499426,0,NA,10.410501498441397,27686,NA,NA,NA,NA,NA,NA,NA,NA,NA
House,NJ,6,Frank Pallone,Scott Fegler,NA,NA,306975,7888,2.569590357520971,0,NA,16.439089547315312,30399,NA,NA,NA,NA,NA,NA,NA,NA,NA
House,NJ,7,Susan Altman,Thomas Kean,NA,NA,434266,47344,10.90207384414161,0,NA,-2.802707574824327,-8691,NA,NA,NA,NA,NA,NA,NA,NA,NA
House,NJ,8,Robert Menendez,Anthony Valdes,NA,NA,191873,41688,21.72687142015813,0,NA,50.177040188592414,53425,NA,NA,NA,NA,NA,NA,NA,NA,NA
House,NJ,9,Nellie Pou,Billy Prempeh,NA,NA,284242,63586,22.370374540004644,0,NA,11.395882227437593,17092,NA,NA,NA,NA,NA,NA,NA,NA,NA
House,NM,1,Melanie Ann Stansbury,Steve Jones,NA,NA,319974,127826,39.94887084575622,0,NA,11.512055039530267,32311,NA,NA,NA,NA,NA,NA,NA,NA,NA
House,NM,2,Gabriel Vasquez,Yvette Herrell,NA,NA,234227,-110393,-47.13077484662315,0,NA,0.7006690091502182,1350,NA,NA,NA,NA,NA,NA,NA,NA,NA
House,NM,3,Teresa Fernandez,Sharon Clahchischilliage,NA,NA,263579,35543,13.4847616843527,0,NA,16.314963905330572,37652,NA,NA,NA,NA,NA,NA,NA,NA,NA
House,NV,1,Dina Titus,Mark Robertson,David Goossen,NA,260396,3323,1.2761332739366196,0,NA,5.609563670887769,12585,NA,NA,NA,NA,NA,NA,NA,NA,NA
House,NV,2,NA,Mark Amodei,Greg Kidd,NA,302344,-292510,-96.74741354219036,0,NA,-21.931220168889975,-68096,NA,NA,NA,NA,NA,NA,NA,NA,NA
House,NV,3,Susie Lee,Drew Johnson,NA,NA,309337,228585,73.89513701885,0,NA,3.966784180450412,10003,NA,NA,NA,NA,NA,NA,NA,NA,NA
House,NV,4,Steven Horsford,John Lee,NA,NA,270315,17601,6.511292381110926,0,NA,4.830394584852149,10747,NA,NA,NA,NA,NA,NA,NA,NA,NA
House,NY,1,John Avlon,Nicholas LaLota,Patrick Denman,NA,409628,-4069,-0.9933402990029978,0,NA,-5.771559262747209,-18876,NA,NA,NA,NA,NA,NA,NA,NA,NA
House,NY,10,Daniel Goldman,Alexander Dodenhoff,NA,NA,234604,126428,53.88995925048166,0,NA,66.22982125453295,133871,NA,NA,NA,NA,NA,NA,NA,NA,NA
House,NY,11,Andrea Morse,Nicole Malliotakis,NA,NA,266620,-109748,-41.1627034731078,0,NA,-18.938367097020667,-36188,NA,NA,NA,NA,NA,NA,NA,NA,NA
House,NY,12,Jerrold Nadler,Mike Zumbluskas,NA,NA,283755,266733,94.00116297510176,0,NA,57.30410470053131,143878,NA,NA,NA,NA,NA,NA,NA,NA,NA
House,NY,13,Adriano Espaillat,Ruben Vargas,NA,NA,231941,222667,96.0015693646229,0,NA,NA,NA,NA,NA,NA,NA,NA,NA,NA,NA,NA
House,NY,14,Alexandria Ocasio-Cortez,Tina Forte,NA,NA,202343,190507,94.15052658110238,0,NA,34.35659395343525,42115,NA,NA,NA,NA,NA,NA,NA,NA,NA
House,NY,15,Ritchie Torres,Gonzalo Duran,NA,NA,190423,113479,59.59311637774849,0,NA,59.49357134431643,60524,NA,NA,NA,NA,NA,NA,NA,NA,NA
House,NY,16,George Latimer,Miriam Flisser,NA,NA,311983,293267,94.0009551802502,0,NA,23.857723705645835,52868,NA,NA,NA,NA,NA,NA,NA,NA,NA
House,NY,17,Mondaire Jones,Michael Lawler,NA,NA,356987,65225,18.270973452814808,0,NA,2.6497727491177723,7719,NA,NA,NA,NA,NA,NA,NA,NA,NA
House,NY,18,Pat Ryan,Alison Esposito,NA,NA,341332,254310,74.50517384833535,0,NA,2.2727856296562576,6196,NA,NA,NA,NA,NA,NA,NA,NA,NA
House,NY,19,Josh Riley,Marcus Molinaro,NA,NA,351065,49169,14.005668465953596,0,NA,-1.9017215980750368,-5564,NA,NA,NA,NA,NA,NA,NA,NA,NA
House,NY,2,Rob Lubin,Andrew Garbarino,NA,NA,344605,262815,76.26557943152305,0,NA,-14.641355318077284,-37499,NA,NA,NA,NA,NA,NA,NA,NA,NA
House,NY,20,Paul Tonko,Kevin Waltz,NA,NA,358944,262018,72.996902023714,0,NA,11.843893927404793,35025,NA,NA,NA,NA,NA,NA,NA,NA,NA
House,NY,21,Paula Collins,Elise Stefanik,NA,NA,322377,-30053,-9.322315177571602,0,NA,-13.10351257004941,-37950,NA,NA,NA,NA,NA,NA,NA,NA,NA
House,NY,22,John Mannion,Brandon Williams,Christopher Gowett,NA,341848,19883,5.816327724602748,0,NA,5.979976713713724,16384,NA,NA,NA,NA,NA,NA,NA,NA,NA
House,NY,23,Thomas Carle,Nick Langworthy,NA,NA,372527,-98653,-26.4821073371863,0,NA,-19.235870197239045,-58886,NA,NA,NA,NA,NA,NA,NA,NA,NA
House,NY,24,David Wagenhauser,Claudia Tenney,NA,NA,352210,-277188,-78.69963941966441,0,NA,-21.475877769021977,-61319,NA,NA,NA,NA,NA,NA,NA,NA,NA
House,NY,25,Joseph Morelle,Gregg Sadwick,NA,NA,353482,62346,17.63767320542489,0,NA,11.181094073476263,31865,NA,NA,NA,NA,NA,NA,NA,NA,NA
House,NY,26,Timothy Kennedy,Anthony Marecki,NA,NA,325812,-180318,-55.344186217818866,0,NA,28.41026661360923,71395,NA,NA,NA,NA,NA,NA,NA,NA,NA
House,NY,3,Tom Suozzi,Michael LiPetri Jr.,Matthew Nappo,NA,358051,84214,23.52011305651988,0,NA,-4.937592039231946,-13814,NA,NA,NA,NA,NA,NA,NA,NA,NA
House,NY,4,Laura Gillen,Anthony D'Esposito,NA,NA,366828,286118,77.99786275856805,0,NA,0.5449689102057814,1518,NA,NA,NA,NA,NA,NA,NA,NA,NA
House,NY,5,Gregory Meeks,Paul King,Khalif Havens,NA,242915,106884,44.0005763332853,0,NA,50.57720557665124,72991,NA,NA,NA,NA,NA,NA,NA,NA,NA
House,NY,6,Grace Meng,Thomas Zmich,Joseph Chou,NA,207333,82937,40.001832800374274,0,NA,29.62045725241844,40785,NA,NA,NA,NA,NA,NA,NA,NA,NA
House,NY,7,Nydia Velaquez,William Kregler,NA,NA,214134,203822,95.18432383460824,0,NA,45.12591415565556,69294,NA,NA,NA,NA,NA,NA,NA,NA,NA
House,NY,8,Hakeem Jeffries,John Delaney,NA,NA,235923,221771,94.00143267082905,0,NA,43.123425344001774,62303,NA,NA,NA,NA,NA,NA,NA,NA,NA
House,NY,9,Yvette Clarke,Menachem Raitport,Joel Anabilah-Azumah,NA,237989,138041,58.00310098365891,0,NA,NA,NA,NA,NA,NA,NA,NA,NA,NA,NA,NA
House,OH,1,Greg Landsman,Orlando Sonza,NA,NA,378875,89061,23.506697459584295,0,NA,5.5175158698570534,16358,NA,NA,NA,NA,NA,NA,NA,NA,NA
House,OH,10,Amy Cox,Michael Turner,Michael Harbaugh,NA,359366,-48951,-13.621488955549497,0,NA,-23.334102674008378,-63693,NA,NA,NA,NA,NA,NA,NA,NA,NA
House,OH,11,Shontel Brown,Alan Rapoport,Tony Evans,NA,319143,106389,33.33584004662487,0,NA,55.50693060127023,119734,NA,NA,NA,NA,NA,NA,NA,NA,NA
House,OH,12,Jerrad Christian,Troy Balderson,NA,NA,367976,-255534,-69.44311585538188,0,NA,-38.53611210663307,-106451,NA,NA,NA,NA,NA,NA,NA,NA,NA
House,OH,13,Emilia Sykes,Kevin Coughlin,NA,NA,370452,28626,7.727316899355382,0,NA,5.352502909542244,15223,NA,NA,NA,NA,NA,NA,NA,NA,NA
House,OH,14,Brian Kenderes,David Joyce,NA,NA,385305,-315507,-81.88500019465098,0,NA,-23.4826346337719,-69750,NA,NA,NA,NA,NA,NA,NA,NA,NA
House,OH,15,Adam Miller,Mike Carey,NA,NA,342054,97740,28.57443561542914,0,NA,-13.9195465888693,-34973,NA,NA,NA,NA,NA,NA,NA,NA,NA
House,OH,2,Samantha Meadows,David Taylor,NA,NA,355122,-329532,-92.79402571510636,0,NA,-49.00760872094376,-126372,NA,NA,NA,NA,NA,NA,NA,NA,NA
House,OH,3,Joyce Beatty,Michael Young,NA,NA,341208,286620,84.0015474432018,0,NA,40.90812490098417,105869,NA,NA,NA,NA,NA,NA,NA,NA,NA
House,OH,4,Tamie Wilson,Jim Jordan,NA,NA,379567,-327251,-86.21692612898381,0,NA,-38.38969381987621,-111390,NA,NA,NA,NA,NA,NA,NA,NA,NA
House,OH,5,Keith  Mundy,Bob Latta,NA,NA,372407,-287177,-77.11374920449938,0,NA,-33.81796618524882,-94669,NA,NA,NA,NA,NA,NA,NA,NA,NA
House,OH,6,Michael Kripchak,Michael Rulli,William Farms,NA,367654,-84735,-23.047484863485774,0,NA,-35.445444267305795,-99383,NA,NA,NA,NA,NA,NA,NA,NA,NA
House,OH,7,Matthew Diemer,Max Miller,Dennis Kucinich,NA,402731,76420,18.97544514825032,0,NA,-10.71142690555484,-32517,NA,NA,NA,NA,NA,NA,NA,NA,NA
House,OH,8,Vanessa Enoch,Warren Davidson,NA,NA,370229,-103215,-27.878691296467863,0,NA,-29.276914913450646,-81658,NA,NA,NA,NA,NA,NA,NA,NA,NA
House,OH,9,Marcy Kaptur,Derek Merrin,NA,NA,359687,75139,20.89010723212126,0,NA,13.267197209200916,35293,NA,NA,NA,NA,NA,NA,NA,NA,NA
House,OK,1,Dennis Baker,Kevin Hern,Mark Sanders,NA,288478,-88549,-30.69523499192313,0,NA,-26.478511317158823,-61826,NA,NA,NA,NA,NA,NA,NA,NA,NA
House,OK,2,Brandon Wade,Josh Brecheen,Ronnie Hopkins,NA,289850,-150934,-52.0731412799724,0,NA,-49.055992955557855,-113649,NA,NA,NA,NA,NA,NA,NA,NA,NA
House,OK,3,NA,Frank Lucas,NA,NA,0,0,NA,NA,NA,-49.07873713164654,-97064,NA,NA,NA,NA,NA,NA,NA,NA,NA
House,OK,4,Mary Brannon,Tom Cole,James Stacy,NA,276545,-50964,-18.42882713482435,0,NA,-33.49514130734905,-75212,NA,NA,NA,NA,NA,NA,NA,NA,NA
House,OK,5,Madison Horn,Stephanie Bice,NA,NA,309129,-255511,-82.65513749923171,0,NA,-21.59752111457118,-55900,NA,NA,NA,NA,NA,NA,NA,NA,NA
House,OR,1,Suzanne Bonamici,Bob Todd,NA,NA,321081,136767,42.59579358479636,0,NA,35.98469586743295,111640,NA,NA,NA,NA,NA,NA,NA,NA,NA
House,OR,2,Dan Ruby,Cliff Bentz,NA,NA,307319,-73995,-24.07758713258861,0,NA,-35.14591351449416,-108487,NA,NA,NA,NA,NA,NA,NA,NA,NA
House,OR,3,Maxine Dexter,Joanna Harbour,David Walker,NA,313825,188106,59.93977535250538,0,NA,43.63276124667858,132353,NA,NA,NA,NA,NA,NA,NA,NA,NA
House,OR,4,Val Hoyle,Monique DeSpain,NA,NA,315372,62330,19.763961290158925,0,NA,7.46644567458129,25317,NA,NA,NA,NA,NA,NA,NA,NA,NA
House,OR,5,Janelle Bynum,Lori Chavez-DeRemer,Andrew Aasen,66.66666666666667,305858,14401,4.7083940913757365,0,NA,-2.0781076948919948,-7299,NA,NA,NA,NA,NA,NA,NA,NA,NA
House,OR,6,Andrea Salinas,Mike Erickson,NA,NA,303875,26127,8.59794323323735,0,NA,2.449240259938786,7210,NA,NA,NA,NA,NA,NA,NA,NA,NA
House,PA,1,Ashley Ehasz,Brian Fitzpatrick,NA,NA,432333,-175507,-40.595328138263795,0,NA,-9.734335020959223,-35762,NA,NA,NA,NA,NA,NA,NA,NA,NA
House,PA,10,Janelle Stelson,Scott Perry,NA,NA,369896,-199346,-53.89244544412484,0,NA,-7.666923120942565,-24116,NA,NA,NA,NA,NA,NA,NA,NA,NA
House,PA,11,James Atkinson,Lloyd Smucker,NA,NA,368675,-295245,-80.08272869058113,0,NA,-23.09027668183798,-73156,NA,NA,NA,NA,NA,NA,NA,NA,NA
House,PA,12,Summer Lee,James Hayes,NA,NA,380749,216445,56.847161778494495,0,NA,12.393646156655103,40728,NA,NA,NA,NA,NA,NA,NA,NA,NA
House,PA,13,Elizabeth Farnham,John Joyce,NA,NA,370392,-334552,-90.32376509211862,0,NA,NA,NA,NA,NA,NA,NA,NA,NA,NA,NA,NA
House,PA,14,Christopher Dziados,Guy Reschenthaler,Adam Halfhill,NA,385567,-105412,-27.33947666683093,0,NA,NA,NA,NA,NA,NA,NA,NA,NA,NA,NA,NA
House,PA,15,Zacheray Womer,Glenn Thompson,NA,NA,354257,-221743,-62.593823128406775,0,NA,-39.878615482424806,-121688,NA,NA,NA,NA,NA,NA,NA,NA,NA
House,PA,16,Preston Nouri,George Kelly,NA,NA,377277,-283013,-75.01464441246087,0,NA,-18.724317655745217,-60103,NA,NA,NA,NA,NA,NA,NA,NA,NA
House,PA,17,Christopher Deluzio,Robert Mercuri,NA,NA,408524,50560,12.376261859768336,0,NA,6.784363038706332,24602,NA,NA,NA,NA,NA,NA,NA,NA,NA
House,PA,2,Brendan  Boyle,Aaron Bashir,NA,NA,268308,252212,94.00092431086662,0,NA,51.3035466539535,95775,NA,NA,NA,NA,NA,NA,NA,NA,NA
House,PA,3,Dwight Evans,NA,NA,NA,0,0,NA,NA,NA,NA,NA,NA,NA,NA,NA,NA,NA,NA,NA,NA
House,PA,4,Madeleine Dean,David Winkler,Chuck Keller,NA,430605,73967,17.177459620766133,0,NA,22.578077075125755,82813,NA,NA,NA,NA,NA,NA,NA,NA,NA
House,PA,5,Mary Gay Scanlon,Alfeia Devaughn-Goodwin,NA,NA,382609,329065,86.00555658648908,0,NA,30.163141763910833,95070,NA,NA,NA,NA,NA,NA,NA,NA,NA
House,PA,6,Christina Houlahan,Neil Carlin Young,NA,NA,385210,175208,45.48376210378755,0,NA,16.62843088307814,54289,NA,NA,NA,NA,NA,NA,NA,NA,NA
House,PA,7,Susan Wild,Ryan Mackenzie,Lewis Shupe,NA,365451,-48659,-13.314780914541211,0,NA,1.9660414091366865,5837,NA,NA,NA,NA,NA,NA,NA,NA,NA
House,PA,8,Matthew Cartwright,Robert Bresnahan,NA,NA,341546,5224,1.529515789966798,0,NA,2.4490564196231257,7026,NA,NA,NA,NA,NA,NA,NA,NA,NA
House,PA,9,Amanda Waldman,Daniel Meuser,NA,NA,359494,-305970,-85.11129532064513,0,NA,-38.62170194859629,-116563,NA,NA,NA,NA,NA,NA,NA,NA,NA
House,RI,1,Gabe Amo,Allen Waters,Christopher Reynolds,NA,215717,63108,29.254996129187777,0,NA,28.2408411703906,44263,NA,NA,NA,NA,NA,NA,NA,NA,NA
House,RI,2,Seth Magaziner,Steven Corvi,NA,NA,256409,130505,50.89719939627704,0,NA,3.7112920149784423,7463,NA,NA,NA,NA,NA,NA,NA,NA,NA
House,SC,1,Michael Moore,Nancy Mace,NA,NA,347405,-165215,-47.55688605518056,0,NA,-13.921395330074336,-37961,NA,NA,NA,NA,NA,NA,NA,NA,NA
House,SC,2,David Robinson,Joe Wilson,NA,NA,340646,-72804,-21.372333742360105,0,NA,-20.15959305396423,-49618,NA,NA,NA,NA,NA,NA,NA,NA,NA
House,SC,3,Bryon Best,Sheri Biggs,NA,NA,323264,-133524,-41.30493961591764,0,NA,NA,NA,NA,NA,NA,NA,NA,NA,NA,NA,NA
House,SC,4,Kathryn Harvey,William Timmons,NA,NA,317511,-56459,-17.781746144228073,0,NA,NA,NA,NA,NA,NA,NA,NA,NA,NA,NA,NA
House,SC,5,Evangeline Hundley,Ralph Norman,NA,NA,336078,-198694,-59.12139443819589,0,NA,-29.550654304591923,-71426,NA,NA,NA,NA,NA,NA,NA,NA,NA
House,SC,6,Jim Clyburn,Duke Buckner,NA,NA,284639,31059,10.911716244084612,0,NA,24.188259377902455,51044,NA,NA,NA,NA,NA,NA,NA,NA,NA
House,SC,7,Mal Hyman,Russell Fry,NA,NA,331024,-195838,-59.161269273527,0,NA,-29.704764343253306,-75410,NA,NA,NA,NA,NA,NA,NA,NA,NA
House,SD,1,Sheryl Johnson,Dusty Johnson,NA,NA,384721,-183411,-47.67376878309216,0,NA,NA,NA,NA,NA,NA,NA,NA,NA,NA,NA,NA
House,TN,1,Kevin Jenkins,Diana Harshbarger,Levi Brake,NA,297385,-158270,-53.22057265833852,0,NA,-58.61183066227667,-110192,NA,NA,NA,NA,NA,NA,NA,NA,NA
House,TN,2,Jane George,Tim Burchett,NA,NA,321070,-294140,-91.61242096739028,0,NA,-35.81790702823423,-74416,NA,NA,NA,NA,NA,NA,NA,NA,NA
House,TN,3,Jack Allen,Charles Fleischmann,Jean Howard-Hill,NA,311481,-90716,-29.124087825581658,0,NA,-38.184957213631584,-76305,NA,NA,NA,NA,NA,NA,NA,NA,NA
House,TN,4,Victoria Broderick,Scott DesJarlais,Keith Nolan,NA,291205,-133951,-45.99886677769956,0,NA,-44.830687800181046,-77753,NA,NA,NA,NA,NA,NA,NA,NA,NA
House,TN,5,Maryam Abolfazli,Andy Ogles,Jim Larkin,NA,321985,-42517,-13.204652390639316,0,NA,-13.517116709976271,-29910,NA,NA,NA,NA,NA,NA,NA,NA,NA
House,TN,6,Lore Bergman,John Rose,NA,NA,311519,-171639,-55.09744188957977,0,NA,-32.66278074263187,-63713,NA,NA,NA,NA,NA,NA,NA,NA,NA
House,TN,7,Megan Barry,Mark Green,Shaun Greene,NA,285251,-47558,-16.672334189888904,0,NA,-21.815929477607813,-39448,NA,NA,NA,NA,NA,NA,NA,NA,NA
House,TN,8,Sarah Freeman,David Kustoff,James Hart,NA,329435,-38325,-11.633554418929378,0,NA,-49.68737370135273,-104500,NA,NA,NA,NA,NA,NA,NA,NA,NA
House,TN,9,Steve Cohen,Charlotte Bergmann,Wendell Wells,NA,250098,47994,19.190077489624063,0,NA,43.81561851282128,58677,NA,NA,NA,NA,NA,NA,NA,NA,NA
House,TX,1,NA,Nathaniel Moran,NA,NA,0,0,NA,NA,NA,-56.15992363484501,-131786,NA,NA,NA,NA,NA,NA,NA,NA,NA
House,TX,10,Theresa Boisseau,Michael McCaul,NA,NA,312704,-11552,-3.694228407695456,0,NA,-29.0012979435335,-73065,NA,NA,NA,NA,NA,NA,NA,NA,NA
House,TX,11,NA,August Pfluger,NA,NA,234179,-234179,-100,0,NA,NA,NA,NA,NA,NA,NA,NA,NA,NA,NA,NA
House,TX,12,Trey Hunt,Craig Goldman,NA,NA,307155,134037,43.6382282560922,0,NA,-28.54327482677043,-67927,NA,NA,NA,NA,NA,NA,NA,NA,NA
House,TX,13,NA,Ronny Jackson,NA,NA,261774,-261774,-100,0,NA,-50.70734172733921,-108857,NA,NA,NA,NA,NA,NA,NA,NA,NA
House,TX,14,Rhonda Hart,Randy Weber,NA,NA,290898,-240222,-82.5794608419446,0,NA,-40.31780585412083,-85937,NA,NA,NA,NA,NA,NA,NA,NA,NA
House,TX,15,Michelle Vallejo,Monica De La Cruz,NA,NA,213888,-114,-0.05329892280071813,0,NA,-8.480535127626096,-12881,NA,NA,NA,NA,NA,NA,NA,NA,NA
House,TX,16,Veronica Escobar,Irene Armendariz-Jackson,NA,NA,223715,210295,94.00129629215743,0,NA,26.92696151392728,40524,NA,NA,NA,NA,NA,NA,NA,NA,NA
House,TX,17,Mark Lorenzen,Pete Sessions,NA,NA,275440,-54770,-19.884548358989253,0,NA,-32.96686601383921,-71607,NA,NA,NA,NA,NA,NA,NA,NA,NA
House,TX,18,Sylvester Turner,Lana Centonze,NA,NA,215853,-68921,-31.929600237198464,0,NA,44.51967133386234,69570,NA,NA,NA,NA,NA,NA,NA,NA,NA
House,TX,19,NA,Jodey Arrington,Nathan Lewis,NA,244291,-235552,-96.42270898232026,0,NA,NA,NA,NA,NA,NA,NA,NA,NA,NA,NA,NA
House,TX,2,Peter Filler,Daniel Crenshaw,NA,NA,301311,6691,2.220629183800127,0,NA,-31.827675900072517,-73295,NA,NA,NA,NA,NA,NA,NA,NA,NA
House,TX,20,Joaquin Castro,NA,NA,NA,220629,220629,100,0,NA,36.8483798836292,62126,NA,NA,NA,NA,NA,NA,NA,NA,NA
House,TX,21,Kristin Hook,Chip Roy,NA,NA,389978,-28248,-7.243485529952972,0,NA,-25.681878084470178,-84771,NA,NA,NA,NA,NA,NA,NA,NA,NA
House,TX,22,Marquette Greene-Scott,Troy Nehls,NA,NA,321422,134682,41.901923328210266,0,NA,-26.682005679580456,-64361,NA,NA,NA,NA,NA,NA,NA,NA,NA
House,TX,23,Santos Limon,Tony Gonzales,NA,NA,277825,107255,38.60523710969135,0,NA,-17.10062459286508,-35702,NA,NA,NA,NA,NA,NA,NA,NA,NA
House,TX,24,Sam Eppler,Beth Van Duyne,NA,NA,352896,192804,54.63479325353645,0,NA,-19.49769159741459,-58069,NA,NA,NA,NA,NA,NA,NA,NA,NA
House,TX,25,NA,Roger Williams,NA,NA,0,0,NA,NA,NA,NA,NA,NA,NA,NA,NA,NA,NA,NA,NA,NA
House,TX,26,Ernest Lineberger,Brandon Gill,NA,NA,338856,-33344,-9.840168095002008,0,NA,NA,NA,NA,NA,NA,NA,NA,NA,NA,NA,NA
House,TX,27,Tanya Lloyd,Michael Cloud,NA,NA,268767,-216841,-80.67991978181846,0,NA,-28.88753640829457,-59805,NA,NA,NA,NA,NA,NA,NA,NA,NA
House,TX,28,Henry Cuellar,Jay Furman,NA,NA,224842,-484,-0.21526227306286191,0,NA,13.301646928089577,22025,NA,NA,NA,NA,NA,NA,NA,NA,NA
House,TX,29,Sylvia Garcia,Alan Garza,NA,NA,153975,110863,72.00064945608054,0,NA,42.81425816584163,43072,NA,NA,NA,NA,NA,NA,NA,NA,NA
House,TX,3,Sandeep Srivastava,Keith Self,NA,NA,346174,147738,42.67738189465413,0,NA,-23.637818149644616,-64119,NA,NA,NA,NA,NA,NA,NA,NA,NA
House,TX,30,Jasmine Crockett,NA,NA,NA,239641,239641,100,0,NA,52.99729105382992,95667,NA,NA,NA,NA,NA,NA,NA,NA,NA
House,TX,31,Stuart Whitlow,John Carter,NA,NA,324428,-40550,-12.498921178196705,0,NA,NA,NA,NA,NA,NA,NA,NA,NA,NA,NA,NA
House,TX,32,Julie Johnson,Darrell Day,NA,NA,221545,76599,34.574917059739555,0,NA,30.710595552651,54511,NA,NA,NA,NA,NA,NA,NA,NA,NA
House,TX,33,Marc Veasey,Patrick Gillespie,NA,NA,164437,125939,76.5879941862233,0,NA,46.37200736648251,52878,NA,NA,NA,NA,NA,NA,NA,NA,NA
House,TX,34,Vicente Gonzalez,Mayra Flores,NA,NA,188536,1660,0.8804684516484915,0,NA,8.503484851865903,11432,NA,NA,NA,NA,NA,NA,NA,NA,NA
House,TX,35,Greg Casar,Steven Wright,NA,NA,233977,44619,19.069823102270735,0,NA,45.15366695040544,80630,NA,NA,NA,NA,NA,NA,NA,NA,NA
House,TX,36,Dayna Steele,Brian Babin,NA,NA,282843,-74893,-26.478647164681465,0,NA,-38.92040168881043,-81583,NA,NA,NA,NA,NA,NA,NA,NA,NA
House,TX,37,Lloyd Doggett,Jenny Sharon,NA,NA,312262,103944,33.2874317079888,0,NA,55.78766152651082,159435,NA,NA,NA,NA,NA,NA,NA,NA,NA
House,TX,38,Melissa McDonough,Wesley Hunt,NA,NA,324841,-29467,-9.071207144418349,0,NA,-27.434976853722453,-71295,NA,NA,NA,NA,NA,NA,NA,NA,NA
House,TX,4,Simon Cardell,Pat Fallon,NA,NA,320692,-90798,-28.313147817843912,0,NA,-35.78077333218754,-91602,NA,NA,NA,NA,NA,NA,NA,NA,NA
House,TX,5,Ruth Torres,Lance Gooden,NA,NA,280392,-19596,-6.988787126594197,0,NA,-30.03561908805699,-63665,NA,NA,NA,NA,NA,NA,NA,NA,NA
House,TX,6,John Love,Jake Ellzey,NA,NA,269027,-94515,-35.13216145591335,0,NA,NA,NA,NA,NA,NA,NA,NA,NA,NA,NA,NA
House,TX,7,Lizzie Fletcher,Caroline Kane,NA,NA,241609,203319,84.15208042746752,0,NA,27.585808644385654,50159,NA,NA,NA,NA,NA,NA,NA,NA,NA
House,TX,8,Laura Jones,Morgan Luttrell,NA,NA,312308,-66928,-21.430126669825945,0,NA,-37.521780875502294,-84412,NA,NA,NA,NA,NA,NA,NA,NA,NA
House,TX,9,Al Green,NA,NA,NA,0,0,NA,NA,NA,53.3504067674366,87285,NA,NA,NA,NA,NA,NA,NA,NA,NA
House,UT,1,Bill Campbell,Blake Moore,NA,NA,273552,-70714,-25.85029537345733,0,NA,-33.94940319795811,-90448,NA,NA,NA,NA,NA,NA,NA,NA,NA
House,UT,2,Nathaniel Woodward,Celeste Maloy,Tyler Murset,NA,264335,-53569,-20.265572096014527,0,NA,-25.69747763098547,-66659,NA,NA,NA,NA,NA,NA,NA,NA,NA
House,UT,3,Glenn Wright,Mike Kennedy,NA,NA,291332,-64744,-22.22344267021817,0,NA,-34.86837462065072,-98810,NA,NA,NA,NA,NA,NA,NA,NA,NA
House,UT,4,Katrina Fallick-Wang,Burgess Owens,M. Evan Bullard,NA,279011,-23464,-8.40970427689231,0,NA,-28.7055369028454,-72929,NA,NA,NA,NA,NA,NA,NA,NA,NA
House,VA,1,Leslie Mehta,Robert J Wittman,NA,NA,438451,3289,0.7501408367183562,0,NA,-13.012411668251922,-44599,NA,NA,NA,NA,NA,NA,NA,NA,NA
House,VA,10,Suhas Subramanyam,Mike Clancy,NA,NA,374527,249215,66.54126404771885,0,NA,6.497492782251937,19242,NA,NA,NA,NA,NA,NA,NA,NA,NA
House,VA,11,Gerald Connolly,Michael Van Meter,NA,NA,372948,350334,93.9364200907365,0,NA,33.67762603736588,97556,NA,NA,NA,NA,NA,NA,NA,NA,NA
House,VA,2,Missy Cotter Smasal,Jennifer Kiggans,Robert Reid,NA,369684,68482,18.524469546964436,0,NA,-3.4037495454484237,-10109,NA,NA,NA,NA,NA,NA,NA,NA,NA
House,VA,3,Robert C. Scott,John Sitka III,NA,NA,299367,241515,80.67522472416799,0,NA,34.63603560259803,71991,NA,NA,NA,NA,NA,NA,NA,NA,NA
House,VA,4,Jennifer McClellan,Bill Moher,NA,NA,357771,227125,63.48334549194876,0,NA,30.01943031619166,73541,NA,NA,NA,NA,NA,NA,NA,NA,NA
House,VA,5,Gloria Tinsley Witt,John McGuire III,NA,NA,401496,-127084,-31.652619204176386,0,NA,-15.3335066116508,-47195,NA,NA,NA,NA,NA,NA,NA,NA,NA
House,VA,6,Ken Mitchell,Benjamin Lee Cline,Robert Well Jr.,NA,369777,-80249,-21.701998772232994,0,NA,-28.949538319825876,-77942,NA,NA,NA,NA,NA,NA,NA,NA,NA
House,VA,7,Eugene Vindman,Derrick Anderson,NA,NA,355443,-57437,-16.159271669437857,0,NA,4.650934119960668,12771,NA,NA,NA,NA,NA,NA,NA,NA,NA
House,VA,8,Donald Sternoff Beyer Jr.,Jerry Torres,Brentley Hensel,NA,314515,172983,54.999920512535176,0,NA,48.77405776839099,131171,NA,NA,NA,NA,NA,NA,NA,NA,NA
House,VA,9,Karen Baker,H. Morgan Griffith,NA,100,364784,-298230,-81.75523049256546,0,NA,-46.69764301102929,-116180,NA,NA,NA,NA,NA,NA,NA,NA,NA
House,VT,1,Becca Balint,Mark Coester,Adam Ortiz,NA,315877,101741,32.209056056629635,0,NA,NA,NA,NA,NA,NA,NA,NA,NA,NA,NA,NA
House,WA,1,Suzan DelBene,Jeb Brewer,NA,NA,294773,277235,94.05033703900968,0,NA,27.09010617962635,77663,NA,NA,NA,NA,NA,NA,NA,NA,NA
House,WA,10,Marilyn Strickland,Don Hewett,NA,NA,302225,246357,81.514434609976007,0,NA,14.105427491521878,37767,NA,NA,NA,NA,NA,NA,NA,NA,NA
House,WA,2,Rick Larsen,NA,NA,NA,359388,359388,100,0,NA,20.313799297473093,68645,NA,NA,NA,NA,NA,NA,NA,NA,NA
House,WA,3,Marie Gluesenkamp Perez,Joe Kent,NA,NA,161407,161407,100,0,NA,0.8221817055970277,2629,NA,NA,NA,NA,NA,NA,NA,NA,NA
House,WA,4,NA,Dan Newhouse,NA,NA,278360,-278360,-100,0,NA,-35.257029654043514,-79909,NA,NA,NA,NA,NA,NA,NA,NA,NA
House,WA,5,Carmela Conroy,Michael Baumgartner,NA,NA,363258,25570,7.039074156660004,0,NA,-19.2624114370075,-61063,NA,NA,NA,NA,NA,NA,NA,NA,NA
House,WA,6,Emily Randall,Drew MacEwen,NA,NA,361823,244235,67.50123679257537,0,NA,20.109637712613512,69956,NA,NA,NA,NA,NA,NA,NA,NA,NA
House,WA,7,Pramila Jayapal,Dan Alexander,NA,NA,329054,306614,93.18045062512536,0,NA,71.19375041468699,246791,NA,NA,NA,NA,NA,NA,NA,NA,NA
House,WA,8,Kim Schrier,Carmen Goers,NA,NA,347549,246043,70.79375857792714,0,NA,6.852498824537701,23027,NA,NA,NA,NA,NA,NA,NA,NA,NA
House,WA,9,Adam Smith,NA,NA,NA,225043,225043,100,0,NA,43.40874220339549,104115,NA,NA,NA,NA,NA,NA,NA,NA,NA
House,WI,1,Peter Barca,Bryan Steil,NA,NA,352670,-5979,-1.6953525959111917,0,NA,-8.902604805445595,-26785,NA,NA,NA,NA,NA,NA,NA,NA,NA
House,WI,2,Mark Pocan,Erik Olsen,NA,100,399623,264355,66.15109740930828,0,NA,44.077593471708184,166850,NA,NA,NA,NA,NA,NA,NA,NA,NA
House,WI,3,Rebecca Cooke,Derrick Van Orden,NA,100,362006,-89390,-24.692960890150992,0,NA,-3.700907769830336,-11766,NA,NA,NA,NA,NA,NA,NA,NA,NA
House,WI,4,Gwen S Moore,Tim Rogers,Robert R. Raymond,NA,302561,116848,38.61965025234581,0,NA,52.66222765987483,134295,NA,NA,NA,NA,NA,NA,NA,NA,NA
House,WI,5,Ben Steinhoff,Scott Fitzgerald,NA,NA,436479,-325903,-74.66636424661897,0,NA,-28.838406120632037,-109160,NA,NA,NA,NA,NA,NA,NA,NA,NA
House,WI,6,John Zarbano,Glenn Grothman,NA,NA,384030,-305214,-79.47660339036013,0,NA,NA,NA,NA,NA,NA,NA,NA,NA,NA,NA,NA
House,WI,7,Kyle Kilbourn,Tom Tiffany,NA,100,387869,-269957,-69.60004537614503,0,NA,-23.75246845696312,-80347,NA,NA,NA,NA,NA,NA,NA,NA,NA
House,WI,8,Kristin Lyerly,Tony Wied,NA,100,383377,-140005,-36.51888350109683,0,NA,NA,NA,NA,NA,NA,NA,NA,NA,NA,NA,NA
House,WV,1,Chris Reed,Carol Miller,Wes Holden,NA,357930,-134514,-37.58109127483027,0,NA,-37.88931143153929,-86083,NA,NA,NA,NA,NA,NA,NA,NA,NA
House,WV,2,Steven Wendelin,Riley Moore,NA,NA,366221,-277341,-75.73050152776602,0,NA,-31.12264482248883,-76215,NA,NA,NA,NA,NA,NA,NA,NA,NA
House,WY,1,Kyle Cameron,Harriet Hageman,NA,100,230445,-108209,-46.9565406062184,0,NA,NA,NA,NA,NA,NA,NA,NA,NA,NA,NA,NA
President,AK,0,Kamala Harris,Donald J. Trump,Peter Sonski,79.86425339366515,236813,-45524,-19.22360681212602,0,NA,-10.160905840286055,-36487,-15.17105455253297,0,NA,NA,NA,NA,NA,NA,NA
President,AL,0,Kamala Harris,Donald J. Trump,Robert F. Kennedy Jr.,99.96162701458174,2102801,-491608,-23.37872199984687,0,NA,-25.461652954742473,-591546,-28.33466062608118,1.123712059061276,14.03455012065729,2070698.0709872916,2131005.5563856037,737817.8062567165,1223253.4387947265,791562.5568300233,1273030.9995555806
President,AR,0,Kamala Harris,Donald J. Trump,Peter Sonski,99.96119518820332,1040712,-265856,-25.545588020509037,0,NA,-27.620667903129355,-336715,-26.986374891193066,78.1497191709411,-23.55843765974353,1033724.9738941563,1045954.8418248284,363769.2022884912,623439.121808733,371690.442240065,635828.3995847633
President,AZ,0,Kamala Harris,Donald J. Trump,NA,100,2848058,176988,6.214339736058746,0,NA,0.3087095839018743,10457,-4.115938937662703,88.1903897056262,4.633253617987638,2848058,2848058,1485395,1308407,1485395,1308407
President,CA,0,Kamala Harris,Donald J. Trump,Robert F. Kennedy Jr.,86.567093183656,13314943,3871704,29.077886401766797,0,NA,29.16322326858859,5103821,28.828757008869683,48.36005113114019,37.01273773591928,10688353.295316152,15539854.185933987,4030828.725004772,2325073.392338169,10745372.02279228,4654010.316393603
President,CO,0,Kamala Harris,Donald J. Trump,Cornel West,99.70588235294116,2617817,237656,9.078403876206778,0,NA,13.501634645143223,439745,2.915312272710432,0,NA,2546658.381474865,2677068.236321282,1274150.0447927285,1086378.1348418314,1430707.4602246168,1161027.7760966613
President,CT,0,Kamala Harris,Donald J. Trump,NA,100,1613087,289664,17.95712196552325,0,NA,20.07358020900727,366114,13.314469228390765,3.3498185167721206,51.23248657849941,NA,NA,NA,NA,NA,NA
President,DC,0,Kamala Harris,Donald J. Trump,Robert F. Kennedy Jr.,NA,277061,4413,1.5927900354073652,0,NA,89.52760250473837,37316,88.72452474738824,0,NA,NA,NA,NA,NA,NA,NA
President,DE,0,Kamala Harris,Donald J. Trump,Robert F. Kennedy Jr.,98.85321100917432,434061,148256,34.155567996203295,0,NA,18.98077419098827,95665,11.432389278313158,0,NA,379710.1254789696,467741.5528248529,183961.03779041197,120025.00646050548,305094.32932227215,158744.22350258077
President,FL,0,Kamala Harris,Donald J. Trump,Peter Sonski,99.7631862217438,9407285,-412036,-4.379967227526326,0,NA,-3.3583688970618,-371686,-1.2759474791594534,71.84237280907193,4.275043915180284,8889586.506078184,9780782.646634342,3728104.832071945,4229732.6454680795,4611643.69501735,4896487.951616994
President,GA,0,Kamala Harris,Donald J. Trump,Claudia De la Cruz,99.92469879518072,4462453,-44607,-0.9996071667309436,0,NA,0.23558188465507723,11779,-5.740645886254692,80.22080176641413,5.745563210045954,4356203.688267555,4491828.874065795,1999201.0718533844,2110237.293592035,2214141.3975912803,2146098.4764745147
President,HI,0,Kamala Harris,Donald J. Trump,Peter Sonski,93.1726907630522,468320,158509,33.84630167406901,0,NA,29.464775296839345,169266,32.18375794321693,4.980251327747885,-43.72596994058021,492841.5383889229,719836.3356297775,203023.30314704613,123049.09325484489,494257.0699844925,225579.26564528505
President,IA,0,Kamala Harris,Donald J. Trump,Claudia De la Cruz,100,1439925,-80315,-5.577721061860861,0,NA,-8.19760939776009,-138611,-9.60107072487815,58.71068816012576,15.94242899824926,1419614,1419614,666096,746411,666096,746411
President,ID,0,Kamala Harris,Donald J. Trump,Claudia De la Cruz,99.89583333333331,719102,-197638,-27.48400087887393,0,NA,-30.77116267709968,-267098,-31.60577419050179,45.705599218445784,-6.851493833353078,715410.5325708349,724084.4907895819,243529.8803827166,437694.0187926019,248927.65209924342,446496.83869033866
President,IL,0,Kamala Harris,Donald J. Trump,Robert F. Kennedy Jr.,100,5485408,198134,3.612019379415351,0,NA,16.977164840104525,1025024,15.989472078120231,10.855789731887985,24.67288949645732,4434790,4434790,2315263,2036304,2315263,2036304
President,IN,0,Kamala Harris,Donald J. Trump,Robert F. Kennedy Jr.,99.98058629392352,2747850,-466596,-16.980402860418145,0,NA,-16.067454699746737,-487359,-19.2601548330308,24.24675409451254,-13.733421804762772,2732996.595849009,2754730.4350603796,1102095.413042725,1569395.789788242,1124848.7379017072,1584893.6971586721
President,KS,0,Kamala Harris,Donald J. Trump,Robert F. Kennedy Jr.,100,1221336,-211085,-17.283122744273484,0,NA,-14.620985614816798,-201083,-21.027979946702377,14.146326921175246,-5.813780164991903,1207501.0193926203,1230201.8189441487,483676.4317200276,687477.8948888544,497212.1033810811,711113.7155630679
President,KY,0,Kamala Harris,Donald J. Trump,Shiva Ayyadurai,100,1903251,-459621,-24.14925829541138,0,NA,-25.9350570581364,-554172,-29.866955777128297,15.428769056818522,-11.041413262071666,1903251.0000000098,1903251.0000000098,687740,1147361,687740,1147361
President,LA,0,Kamala Harris,Donald J. Trump,Mattie Preston,99.67483741870936,1763929,-296640,-16.817003405465865,0,NA,-18.609425612482323,-399742,-19.650979345879705,45.5801089540246,-7.672336222754011,1691992.411108298,1836443.17480981,634136.9105070784,914197.2642373322,754912.8747755375,1039364.3000342723
President,MA,0,Kamala Harris,Donald J. Trump,Claudia De la Cruz,100,3189823,1010358,31.674422060408993,0,NA,33.45815197546292,1215000,27.284250096935477,3.520926628338036,37.78302661525587,720943.7021789323,999105.7433111914,290591.57346408686,208378.73735812184,627102.4242005271,368366.3191106642
President,MD,0,Kamala Harris,Donald J. Trump,Robert F. Kennedy Jr.,100,2505176,746803,29.810400546708095,0,NA,29.53036699577685,826723,20.67781827298557,20.68379096925277,38.504154167897106,2505176,2505176,1583184,836381,1583184,836381
President,ME,0,Kamala Harris,Donald J. Trump,Cornel West,99.8266897746967,728705,57200,7.849541309583439,0,NA,8.6727947501659,70574,2.7017733126559236,7.35640376533045,39.00471083492032,NA,NA,NA,NA,NA,NA
President,ME,1,Kamala Harris,Donald J. Trump,Cornel West,NA,371349,71213,19.17683903820934,0,NA,NA,NA,NA,NA,NA,NA,NA,NA,NA,NA,NA
President,ME,2,Kamala Harris,Donald J. Trump,Cornel West,NA,322363,-22453,-6.96512937278782,0,NA,NA,NA,NA,NA,NA,NA,NA,NA,NA,NA,NA
President,MI,0,Kamala Harris,Donald J. Trump,Robert F. Kennedy Jr.,99.7680303669338,4767783,258935,5.4309308959740825,0,NA,2.7835275996867477,154188,-0.24237531144872684,27.950705702631847,39.60552202000421,4456474.849749535,4859398.9602190675,2097726.5118932985,1908203.7808306355,2527056.600051451,2189929.3601676156
President,MN,0,Kamala Harris,Donald J. Trump,Cornel West,99.82968369829683,2759924,194242,7.037947421740599,0,NA,7.110156900570645,233012,1.5013352059591196,0.9285447723051375,-4.893197502464673,2698604.1627369486,2821432.7085338742,1335974.2585673688,1172395.2004576758,1458055.8327401548,1262799.8757937157
President,MO,0,Kamala Harris,Donald J. Trump,NA,100,2452699,-511088,-20.837779115986105,0,NA,-19.167316426327627,-554337,-23.11708863747524,12.14389568807387,21.4157790286806,2282490.5195662687,2728504.389424601,764951.3129043771,1186203.4158174114,1122492.631853206,1581101.7575713955
President,MS,0,Kamala Harris,Donald J. Trump,Claudia De la Cruz,99.94372537985367,1088307,-148305,-13.627129109708934,0,NA,-16.527446391450006,-217366,-18.612073909682568,2.6551458277257445,-4.495990836197022,1077110.339210122,1109265.2278392594,424862.3619585515,590712.4350912205,471324.9067178586,602372.321121401
President,MT,0,Kamala Harris,Donald J. Trump,Robert F. Kennedy Jr.,100,532351,-76984,-14.461135604140877,0,NA,-16.369099878411195,-98816,-20.596434051458516,0,NA,532351,532351,218793,295777,218793,295777
President,NC,0,Kamala Harris,Donald J. Trump,Cornel West,99.96297667530544,4828694,-32853,-0.6803703030260356,0,NA,-1.3481564232866905,-74483,-3.8347577941410584,82.85140975136855,4.626185558632038,4786284.750412427,4835248.831897286,2245369.5967261326,2336632.4978137724,2323621.60068095,2348886.231216339
President,ND,0,Kamala Harris,Donald J. Trump,NA,100,332238,-121480,-36.56414979623041,0,NA,-33.35728637799563,-120693,-36.38535409890554,21.89105602525019,-5.527359038456683,332238.00000000006,332238.00000000006,105379,226859,105379,226859
President,NE,0,Kamala Harris,Donald J. Trump,Cornel West,100,854096,-126900,-14.857814578220715,0,NA,-19.057532390266243,-182263,-26.309707337538697,13.692213266024176,14.942344406261933,854096,854096,348020,474920,348020,474920
President,NH,0,Kamala Harris,Donald J. Trump,NA,100,736211,62903,8.544153781999997,0,NA,7.368609477495888,59277,0.37345209438003807,0.366211574821649,32.45078071961982,26313,26313,14384,11413,14384,11413
President,NJ,0,Kamala Harris,Donald J. Trump,Robert F. Kennedy Jr.,99.65327029156816,3941597,499779,12.679606768525549,0,NA,15.885918176962354,725087,13.231487284119565,36.57216008104571,8.25495109559408,3759983.668728025,4044312.9106847295,1911500.3709934014,1492634.765156263,2241409.6833144226,1674520.2273703066
President,NM,0,Kamala Harris,Donald J. Trump,Claudia De la Cruz,99.6881496881497,780609,101336,12.981659191733634,0,NA,10.792616603442772,99720,8.28077693656329,0,NA,720559.4464199775,816384.5589909491,331006.65630505496,298593.4703693039,448824.9168739054,349088.6421170436
President,NV,0,Kamala Harris,Donald J. Trump,Joel Skousen,100,1187333,13747,1.1578049291984642,0,NA,2.6877730098856016,36974,2.7276602178193654,0.0681138992335914,-78.54855923159018,1162682.0000000005,1162682.0000000005,580546,567291,580546,567291
President,NY,0,Kamala Harris,Donald J. Trump,NA,100,7840657,3058525,39.008529514809794,0,NA,23.127784003942967,1992889,21.335036384989017,4.334107281062095,40.024473577105155,7840657,7840657,5449591,2391066,5449591,2391066
President,OH,0,Kamala Harris,Donald J. Trump,Peter Sonski,99.80969439158176,5299800,-437808,-8.26084003169931,0,NA,-8.031961760169613,-475669,-8.543647935974702,33.102754684828376,16.145738752874397,5019382.841763315,5386474.915608041,2085440.6061218095,2592316.5545902974,2407452.0676643513,2899005.8479436897
President,OK,0,Kamala Harris,Donald J. Trump,Robert F. Kennedy Jr.,100,1357962,-465844,-34.30464180882823,0,NA,-33.08709751207632,-516390,-36.39735475405498,28.710596982505916,-0.3329717955928111,1357961.9999999993,1357961.9999999993,433891,899735,433891,899735
President,OR,0,Kamala Harris,Donald J. Trump,Robert F. Kennedy Jr.,89.56780923994039,1799304,244286,13.57669409949625,0,NA,16.08607260770553,381935,10.623004298964654,0,NA,1577380.0003962547,2276089.213479991,541239.9208540093,508661.150637614,1345257.5120551998,928577.7014247914
President,PA,0,Kamala Harris,Donald J. Trump,NA,99.91263514251392,6226723,293875,4.719577215816409,0,NA,1.179162355754409,81660,-1.1429610893071096,18.34762763248429,57.72607073712046,5948644.684175243,6302919.100635126,2892488.6569014126,2700189.4122998263,3214889.026832764,2989263.0738023613
President,RI,0,Kamala Harris,Donald J. Trump,Robert F. Kennedy Jr.,100,449808,78453,17.441441681784227,0,NA,20.59963244336084,106373,15.658234119270151,0,NA,65977.00000000003,65977.00000000003,38176,25075,38176,25075
President,SC,0,Kamala Harris,Donald J. Trump,Claudia De la Cruz,99.7801231310466,2204049,-128494,-5.829906685377685,0,NA,-11.68020581467846,-293562,-14.111292987482514,47.32575798870741,5.081499715835528,2112041.3865060406,2246435.753573977,894089.0972733165,1050636.6421437655,1018820.6888828136,1157010.0646911676
President,SD,0,Kamala Harris,Donald J. Trump,Robert F. Kennedy Jr.,100,374790,-94382,-25.182635609274527,0,NA,-26.164137536114943,-110572,-29.795944839439315,0,NA,374789.9999999999,374789.9999999999,137098,231480,137098,231480
President,TN,0,Kamala Harris,Donald J. Trump,Claudia De la Cruz,99.73917579551384,2610913,-573808,-21.977293000571063,0,NA,-23.208859895260115,-708764,-26.17194653178202,42.44011904968514,0.8435579271915311,2440774.340734731,2692958.3714870526,746803.2918287932,1426312.2145968121,1059453.2327030094,1565696.1387840437
President,TX,0,Kamala Harris,Donald J. Trump,NA,99.96282067170654,10260745,-1148086,-11.189109562707191,0,NA,-5.578593689682137,-631221,-9.140203725903287,86.41405751770031,-3.421915300161111,9833311.57315164,10480137.213291084,4138920.545334669,5098100.661618325,4657515.959676361,5664505.253615249
President,UT,0,Kamala Harris,Donald J. Trump,Cornel West,99.69418960244649,1040406,-146914,-14.120833597653224,0,NA,-20.48379044661353,-304858,-18.061499131434164,42.90221858792211,0.32215677461084896,994687.7704185583,1246357.5270426206,285155.50207493233,508822.26909914997,520331.6936520129,706683.8333906077
President,VA,0,Kamala Harris,Donald J. Trump,Claudia De la Cruz,99.96072270227808,3884895,329951,8.493176778265564,0,NA,8.382033223771371,354932,3.140792312804395,62.775603279585155,29.677405035147924,3647470.4146080757,3702346.394268007,1838612.23986073,1628653.8575179693,1911081.9568626257,1655949.4374047625
President,VT,0,Kamala Harris,Donald J. Trump,Cornel West,100,302179,102254,33.83888357562901,0,NA,35.41265227473138,130116,28.52515158898196,0,NA,22404.999999999996,22404.999999999996,14722,7234,14722,7234
President,WA,0,Kamala Harris,Donald J. Trump,Shiva Ayyadurai,90.12937230474364,2964884,637249,21.493218621706617,0,NA,19.203323391959792,784961,16.274964147370028,0,NA,2829086.114502222,3153538.8533944837,1401596.9952762427,1047023.3817245568,1925401.118428096,1143356.7349663875
President,WI,0,Kamala Harris,Donald J. Trump,Claudia De la Cruz,97.4617903930131,2681676,-57631,-2.149066479321141,0,NA,0.6270995418189161,20682,-0.7786333556438747,0,NA,2671951.949921582,2899011.4184307926,1204502.0672380608,1225054.273533472,1395106.7514829063,1420475.6669478873
President,WV,0,Kamala Harris,Donald J. Trump,Robert F. Kennedy Jr.,100,700766,-264033,-37.677769754811166,0,NA,-38.931160354887375,-309398,-42.18159175178545,16.20749662464406,-6.19769265406891,700766,700766,211920,475953,211920,475953
President,WY,0,Kamala Harris,Donald J. Trump,Robert F. Kennedy Jr.,100,238713,-107418,-44.99880609769891,0,NA,-43.382653153397285,-120068,-47.55891646766529,16.661427564901633,-50.224448637043785,238713,238713,63511,170929,63511,170929
Senate,AZ,0,Ruben Gallego,Kari Lake,NA,NA,2901434,-80335,-2.7688032883050244,0,NA,-3.919806049496808,-80799,2.3377207087241234,0,NA,NA,NA,NA,NA,NA,NA
Senate,CA,0,Adam Schiff,Steve Garvey,NA,NA,13268355,8265217,62.29270320246933,0,NA,23.048228820974344,2457040,100,0,NA,NA,NA,NA,NA,NA,NA
Senate,DE,0,Lisa Blunt Rochester,Eric Hansen,Michael Katz,NA,451014,43355,9.612783638645364,0,NA,37.50078748558537,149680,22.165088560753983,0,NA,NA,NA,NA,NA,NA,NA
Senate,FL,0,Debbie Mucarsel-Powell,Rick Scott,Tuan Nguyen,99.92006394884092,9559002,-88525,-0.9260904014875192,0,NA,0,1064280,-0,0,NA,NA,NA,NA,NA,NA,NA
Senate,HI,0,Mazie Hirono,Bob McDermott,NA,NA,457212,266673,58.32589695808509,0,NA,25.29905496806898,107433,42.35738560448261,0,NA,NA,NA,NA,NA,NA,NA
Senate,IN,0,Valerie McCray,Jim Banks,NA,NA,2759539,-414073,-15.005151222722343,0,NA,5.574369393397941,141575,-5.654913927767857,0,NA,NA,NA,NA,NA,NA,NA
Senate,MA,0,Elizabeth Warren,John Deaton,Shiva Ayyadurai,100,3038821,973795,32.045158303170865,0,NA,7.311411035391111,229228,23.648840714877785,0,NA,NA,NA,NA,NA,NA,NA
Senate,MD,0,Angela Alsobrooks,Larry Hogan,NA,NA,2513756,666628,26.519200749794333,0,NA,24.402137188587147,537790,30.756343287166857,0,NA,NA,NA,NA,NA,NA,NA
Senate,ME,0,David Costello,Demi Kouzounas,Angus King,NA,725809,-304029,-41.88829292554929,0,NA,-17.51828337805007,-121950,-24.49833825188221,0,NA,NA,NA,NA,NA,NA,NA
Senate,MI,0,Elissa Slotkin,Mike Rogers,NA,98.2905982905983,4801479,225240,4.691054568810985,0,NA,20.850433895517707,967338,6.613847600915393,0,NA,NA,NA,NA,NA,NA,NA
Senate,MN,0,Amy Klobuchar,Royce White,NA,NA,2854153,152379,5.338851841509547,0,NA,34.713635095337224,987219,17.45562673532421,0,NA,NA,NA,NA,NA,NA,NA
Senate,MO,0,Lucas Kunce,Josh Hawley,NA,100,2321038,-555392,-23.928604357188465,0,NA,0,315266,-13.132658446002589,0,NA,NA,NA,NA,NA,NA,NA
Senate,MS,0,Ty Pinkins,Roger Wicker,NA,NA,1197007,-449141,-37.52200279530529,0,NA,-17.103191356123116,-200293,-17.48326223999236,0,NA,NA,NA,NA,NA,NA,NA
Senate,MT,0,Jon Tester,Tim Sheehy,NA,NA,530765,-83821,-15.792488200992906,0,NA,3.898429607528783,18764,3.558741189145145,0,NA,NA,NA,NA,NA,NA,NA
Senate,ND,0,Katrina Christiansen,Kevin Kramer,NA,NA,337481,-152447,-45.17202449915699,0,NA,0.944278348897081,2994,-10.84439824213382,0,NA,NA,NA,NA,NA,NA,NA
Senate,NE,0,NA,Deb Fischer,Dan Osborn,NA,869664,-845969,-97.27538451631897,0,NA,-16.23915936789847,-125389,-19.132626606404894,0,NA,NA,NA,NA,NA,NA,NA
Senate,NJ,0,Andy Kim,Curtis Bashaw,Patricia Mooneyham,NA,4104635,913655,22.259104646332744,0,NA,18.685411850120396,583683,10.99161570149895,0,NA,NA,NA,NA,NA,NA,NA
Senate,NM,0,Martin Heinrich,Nella Domenici,NA,NA,819899,364033,44.39973704078185,0,NA,-0,42336,23.550057475537585,-0,NA,NA,NA,NA,NA,NA,NA
Senate,NV,0,Jacky Rosen,Sam Brown,NA,NA,1171700,150354,12.832124263890076,0,NA,-0.6354171029347456,-6155,5.463347624558106,0,NA,NA,NA,NA,NA,NA,NA
Senate,NY,0,Kirsten Gillibrand,Mike Sapraicone,Jonathan Ramos,NA,7504437,1993576,26.565297303448613,0,NA,45.232649165680634,2650625,NA,0,NA,NA,NA,NA,NA,NA,NA
Senate,OH,0,Sherrod Brown,Bernie Moreno,NA,NA,5396766,-358648,-6.645609611385781,0,NA,0,274671,6.804021544972698,0,NA,NA,NA,NA,NA,NA,NA
Senate,PA,0,Bob Casey Jr.,David McCormick,NA,NA,6332296,419488,6.624579773276549,0,NA,8.885457634187727,489559,13.121204037898108,0,NA,NA,NA,NA,NA,NA,NA
Senate,RI,0,Sheldon Whitehouse,Patricia Morgan,NA,NA,472377,248485,52.603111497807895,0,NA,29.486808236355717,121067,23.08688583547199,0,NA,NA,NA,NA,NA,NA,NA
Senate,TN,0,Gloria Johnson,Marsha Blackburn,Pamela Jeanine Moses,NA,2643300,-628727,-23.78568456096546,0,NA,-34.599230335074,-795915,-10.79023490719194,0,NA,NA,NA,NA,NA,NA,NA
Senate,TX,0,Colin Allred,Ted Cruz,NA,NA,10263213,-265557,-2.587464568844084,0,NA,-16.248416835536023,-1273285,-2.579215617422174,0,NA,NA,NA,NA,NA,NA,NA
Senate,UT,0,Caroline Gleich,John Curtis,NA,NA,1108691,-248149,-22.38216058396794,0,NA,-34.98102737285736,-320092,-31.592248650081594,0,NA,NA,NA,NA,NA,NA,NA
Senate,VA,0,Tim Kaine,Hung Cao,NA,NA,4026443,1095483,27.2072149040729,0,NA,-2.3057335869128788,-59705,9.580760490728077,0,NA,NA,NA,NA,NA,NA,NA
Senate,VT,0,Bernie Sanders,Gerald Malloy,Steve Berry,NA,302950,106398,35.120646971447435,0,NA,46.3311808294366,135624,-27.43363065243244,0,NA,NA,NA,NA,NA,NA,NA
Senate,WA,0,Maria Cantwell,Raul Garcia,NA,NA,3132692,987286,31.51557829496165,0,NA,20.448712896212175,578818,16.907579717925426,0,NA,NA,NA,NA,NA,NA,NA
Senate,WI,0,Tammy Baldwin,Eric Hovde,NA,94.87179487179488,2815691,12889,0.4577561955484462,0,NA,5.576190624438543,167021,10.956889330222984,0,NA,NA,NA,NA,NA,NA,NA
Senate,WV,0,Glenn Elliott,Jim Justice,NA,NA,711765,-277143,-38.93743019114455,0,NA,24.053958421089277,156707,3.308152433712352,0,NA,NA,NA,NA,NA,NA,NA
Senate,WY,0,Scott Morrow,John Barrasso,NA,100,244055,-200883,-82.31054475425621,0,NA,-54.21835593237309,-131935,-36.536769750277735,0,NA,NA,NA,NA,NA,NA,NA
