State,FIPS,Benchmark
PA,1,-35.30
PA,3,19.20
PA,5,-53.30
PA,7,-18.80
PA,9,-68.30
PA,11,-9.40
PA,13,-44.50
PA,15,-46.20
PA,17,3.20
PA,19,-33.60
PA,21,-38.40
PA,23,-47.70
PA,25,-33.10
PA,27,3.60
PA,29,15.90
PA,31,-51.80
PA,33,-50.70
PA,35,-37.40
PA,37,-31.90
PA,39,-38.30
PA,41,-11.70
PA,43,7.30
PA,45,25.50
PA,47,-46.20
PA,49,-0.10
PA,51,-34.40
PA,53,-44.70
PA,55,-44.20
PA,57,-72.70
PA,59,-44.40
PA,61,-52.00
PA,63,-38.60
PA,65,-60.00
PA,67,-62.40
PA,69,7.10
PA,71,-17.00
PA,73,-30.60
PA,75,-33.00
PA,77,6.40
PA,79,-15.50
PA,81,-42.50
PA,83,-47.30
PA,85,-27.10
PA,87,-57.10
PA,89,5.20
PA,91,25.00
PA,93,-22.40
PA,95,-0.50
PA,97,-39.70
PA,99,-51.30
PA,101,61.80
PA,103,-20.10
PA,105,-61.70
PA,107,-41.00
PA,109,-48.50
PA,111,-57.20
PA,113,-48.40
PA,115,-42.40
PA,117,-52.50
PA,119,-25.40
PA,121,-42.50
PA,123,-40.80
PA,125,-23.90
PA,127,-34.60
PA,129,-29.50
PA,131,-36.40
PA,133,-25.80
MI,1,-40.50
MI,3,-21.20
MI,5,-27.80
MI,7,-30.10
MI,9,-26.30
MI,11,-38.10
MI,13,-28.00
MI,15,-35.00
MI,17,-14.20
MI,19,-11.80
MI,21,-10.10
MI,23,-40.90
MI,25,-13.80
MI,27,-31.30
MI,29,-19.60
MI,31,-32.40
MI,33,-25.40
MI,35,-37.10
MI,37,-9.20
MI,39,-33.10
MI,41,-29.00
MI,43,-35.80
MI,45,-3.50
MI,47,-13.80
MI,49,6.50
MI,51,-39.10
MI,53,-15.00
MI,55,-5.80
MI,57,-30.80
MI,59,-50.20
MI,61,-16.90
MI,63,-41.50
MI,65,29.30
MI,67,-32.90
MI,69,-31.00
MI,71,-27.80
MI,73,-5.30
MI,75,-21.60
MI,77,15.90
MI,79,-44.20
MI,81,3.40
MI,83,-14.80
MI,85,-28.70
MI,87,-38.70
MI,89,2.40
MI,91,-22.50
MI,93,-25.20
MI,95,-44.60
MI,97,-26.30
MI,99,-10.70
MI,101,-17.70
MI,103,8.30
MI,105,-22.30
MI,107,-30.60
MI,109,-32.60
MI,111,-17.30
MI,113,-55.70
MI,115,-25.20
MI,117,-40.20
MI,119,-45.50
MI,121,-2.20
MI,123,-42.80
MI,125,11.10
MI,127,-30.60
MI,129,-42.50
MI,131,-27.90
MI,133,-48.60
MI,135,-45.80
MI,137,-36.60
MI,139,-24.10
MI,141,-31.50
MI,143,-32.40
MI,145,-2.50
MI,147,-32.70
MI,149,-34.30
MI,151,-47.80
MI,153,-34.00
MI,155,-22.50
MI,157,-41.70
MI,159,-14.90
MI,161,43.30
MI,163,34.90
MI,165,-36.80
WI,1,-26.10
WI,3,10.30
WI,5,-26.50
WI,7,13.30
WI,9,-7.80
WI,11,-25.80
WI,13,-28.90
WI,15,-20.20
WI,17,-21.00
WI,19,-37.60
WI,21,-2.10
WI,23,-8.30
WI,25,51.80
WI,27,-31.40
WI,29,0.80
WI,31,8.70
WI,33,-14.50
WI,35,10.20
WI,37,-46.10
WI,39,-27.00
WI,41,-31.20
WI,43,-12.90
WI,45,2.60
WI,47,-36.30
WI,49,13.10
WI,51,-23.00
WI,53,-15.60
WI,55,-15.80
WI,57,-29.70
WI,59,-3.80
WI,61,-33.20
WI,63,12.90
WI,65,-14.20
WI,67,-32.80
WI,69,-23.20
WI,71,-23.80
WI,73,-18.60
WI,75,-34.90
WI,77,-27.80
WI,78,62.90
WI,79,39.10
WI,81,-24.20
WI,83,-41.30
WI,85,-15.30
WI,87,-10.50
WI,89,-12.60
WI,91,-27.00
WI,93,-13.70
WI,95,-27.90
WI,97,2.20
WI,99,-28.10
WI,101,-4.70
WI,103,-10.30
WI,105,10.50
WI,107,-35.20
WI,109,-16.60
WI,111,1.10
WI,113,-13.90
WI,115,-36.00
WI,117,-16.50
WI,119,-47.60
WI,121,-17.10
WI,123,-5.40
WI,125,-22.30
WI,127,-19.80
WI,129,-24.30
WI,131,-38.50
WI,133,-21.40
WI,135,-32.30
WI,137,-34.50
WI,139,-4.60
WI,141,-19.80
NC,1,-7.00
NC,3,-56.40
NC,5,-48.50
NC,7,5.50
NC,9,-44.60
NC,11,-51.10
NC,13,-24.40
NC,15,22.80
NC,17,-12.30
NC,19,-23.60
NC,21,22.50
NC,23,-38.60
NC,25,-8.10
NC,27,-49.50
NC,29,-45.40
NC,31,-40.60
NC,33,-17.00
NC,35,-35.60
NC,37,12.80
NC,39,-53.60
NC,41,-14.30
NC,43,-48.00
NC,45,-31.30
NC,47,-26.30
NC,49,-17.30
NC,51,18.00
NC,53,-45.00
NC,55,-15.20
NC,57,-46.10
NC,59,-44.10
NC,61,-20.60
NC,63,63.80
NC,65,28.20
NC,67,15.30
NC,69,-12.10
NC,71,-26.40
NC,73,-12.30
NC,75,-58.50
NC,77,-5.20
NC,79,-10.40
NC,81,24.50
NC,83,22.40
NC,85,-21.20
NC,87,-25.20
NC,89,-17.40
NC,91,35.00
NC,93,12.20
NC,95,-13.50
NC,97,-31.00
NC,99,-7.00
NC,101,-23.00
NC,103,-18.10
NC,105,-13.50
NC,107,-2.10
NC,109,-44.40
NC,111,-46.60
NC,113,-37.10
NC,115,-22.20
NC,117,-3.60
NC,119,36.50
NC,121,-56.10
NC,123,-30.20
NC,125,-26.00
NC,127,1.60
NC,129,3.50
NC,131,21.70
NC,133,-29.20
NC,135,52.40
NC,137,-26.50
NC,139,1.70
NC,141,-28.60
NC,143,-30.80
NC,145,-20.10
NC,147,10.80
NC,149,-24.20
NC,151,-54.70
NC,153,-13.40
NC,155,-17.10
NC,157,-30.50
NC,159,-34.30
NC,161,-44.30
NC,163,-21.00
NC,165,-0.60
NC,167,-49.50
NC,169,-56.20
NC,171,-49.80
NC,173,-18.30
NC,175,-14.30
NC,177,-14.30
NC,179,-22.80
NC,181,20.50
NC,183,27.90
NC,185,27.00
NC,187,11.20
NC,189,9.70
NC,191,-10.30
NC,193,-55.00
NC,195,4.20
NC,197,-59.50
NC,199,-32.30
GA,1,-56.70
GA,3,-46.70
GA,5,-72.20
GA,7,-15.80
GA,9,1.10
GA,11,-77.70
GA,13,-43.50
GA,15,-50.90
GA,17,-26.30
GA,19,-66.20
GA,21,23.50
GA,23,-52.90
GA,25,-80.80
GA,27,-20.80
GA,29,-35.50
GA,31,-24.00
GA,33,-2.00
GA,35,-43.50
GA,37,15.10
GA,39,-31.10
GA,43,-41.90
GA,45,-39.20
GA,47,-56.20
GA,49,-50.60
GA,51,18.50
GA,53,-13.80
GA,55,-61.90
GA,57,-39.50
GA,59,41.90
GA,61,10.40
GA,63,70.30
GA,65,-47.30
GA,67,14.10
GA,69,-39.80
GA,71,-47.00
GA,73,-26.10
GA,75,-40.40
GA,77,-35.70
GA,79,-46.10
GA,81,-25.00
GA,83,-64.80
GA,85,-67.90
GA,87,-17.10
GA,89,66.90
GA,91,-45.40
GA,93,-6.20
GA,95,39.50
GA,97,24.80
GA,99,-5.20
GA,101,-75.60
GA,103,-49.80
GA,105,-36.40
GA,107,-38.50
GA,109,-36.80
GA,111,-64.40
GA,113,-7.00
GA,115,-41.20
GA,117,-33.40
GA,119,-69.30
GA,121,46.00
GA,123,-63.40
GA,125,-79.10
GA,127,-23.30
GA,129,-62.40
GA,131,-31.80
GA,133,-26.50
GA,135,18.00
GA,137,-64.00
GA,139,-43.50
GA,141,43.20
GA,143,-73.70
GA,145,-44.40
GA,147,-49.50
GA,149,-68.40
GA,151,20.10
GA,153,-12.70
GA,155,-50.80
GA,157,-58.20
GA,159,-53.00
GA,161,-63.30
GA,163,6.50
GA,165,-26.00
GA,167,-39.60
GA,169,-33.80
GA,171,-41.10
GA,173,-41.80
GA,175,-28.30
GA,177,-44.50
GA,179,23.80
GA,181,-37.50
GA,183,-26.70
GA,185,-12.20
GA,187,-58.50
GA,189,-19.30
GA,191,-21.10
GA,193,22.60
GA,195,-53.10
GA,197,-26.70
GA,199,-20.60
GA,201,-46.40
GA,205,-10.60
GA,207,-42.80
GA,209,-49.70
GA,211,-41.70
GA,213,-69.00
GA,215,23.70
GA,217,10.60
GA,219,-33.80
GA,221,-38.90
GA,223,-29.30
GA,225,-4.90
GA,227,-65.90
GA,229,-74.70
GA,231,-70.80
GA,233,-57.00
GA,235,-38.80
GA,237,-40.90
GA,239,-9.80
GA,241,-57.40
GA,243,8.80
GA,245,36.80
GA,247,40.30
GA,249,-58.50
GA,251,-19.00
GA,253,-34.80
GA,255,-20.90
GA,257,-58.70
GA,259,18.70
GA,261,4.50
GA,263,20.00
GA,265,21.30
GA,267,-48.70
GA,269,-26.90
GA,271,-30.80
GA,273,8.10
GA,275,-19.60
GA,277,-33.70
GA,279,-45.20
GA,281,-60.20
GA,283,-37.30
GA,285,-22.00
GA,287,-24.90
GA,289,-7.50
GA,291,-63.00
GA,293,-34.10
GA,295,-59.50
GA,297,-49.30
GA,299,-40.40
GA,301,11.10
GA,303,0.50
GA,305,-57.00
GA,307,-7.90
GA,309,-39.00
GA,311,-66.30
GA,313,-40.80
GA,315,-46.80
GA,317,-13.30
GA,319,-12.50
GA,321,-47.60
NV,1,-52.00
NV,3,6.90
NV,5,-31.90
NV,7,-58.20
NV,9,-69.40
NV,11,-79.40
NV,13,-56.40
NV,15,-64.00
NV,17,-73.00
NV,19,-43.70
NV,21,-28.10
NV,23,-42.60
NV,27,-53.10
NV,29,-37.30
NV,31,2.10
NV,33,-60.60
NV,510,-13.80
AZ,1,33.10
AZ,3,-19.90
AZ,5,23.80
AZ,7,-34.10
AZ,9,-44.80
AZ,11,-34.20
AZ,12,-38.80
AZ,13,1.90
AZ,15,-51.20
AZ,17,-8.50
AZ,19,18.30
AZ,21,-17.50
AZ,23,34.90
AZ,25,-29.40
AZ,27,-6.50
OH,1,-48.40
OH,3,-36.10
OH,5,-39.10
OH,7,-12.80
OH,9,26.70
OH,11,-54.60
OH,13,-28.70
OH,15,-47.00
OH,17,-17.90
OH,19,-39.60
OH,21,-36.80
OH,23,-16.70
OH,25,-26.30
OH,27,-43.20
OH,29,-33.70
OH,31,-36.10
OH,33,-40.50
OH,35,40.60
OH,37,-55.40
OH,39,-26.30
OH,41,-0.70
OH,43,-0.50
OH,45,-15.50
OH,47,-43.60
OH,49,37.50
OH,51,-28.60
OH,53,-47.20
OH,55,-12.90
OH,57,-13.30
OH,59,-36.30
OH,61,20.70
OH,63,-29.60
OH,65,-38.90
OH,67,-37.70
OH,69,-32.00
OH,71,-49.10
OH,73,-27.90
OH,75,-57.30
OH,77,-28.80
OH,79,-42.30
OH,81,-24.90
OH,83,-33.50
OH,85,-2.60
OH,87,-39.00
OH,89,-19.40
OH,91,-46.30
OH,93,7.90
OH,95,24.70
OH,97,-32.30
OH,99,2.10
OH,101,-27.60
OH,103,-12.20
OH,105,-43.50
OH,107,-55.50
OH,109,-36.90
OH,111,-37.10
OH,113,7.10
OH,115,-39.10
OH,117,-44.00
OH,119,-30.70
OH,121,-46.70
OH,123,-10.00
OH,125,-44.60
OH,127,-37.70
OH,129,-35.60
OH,131,-34.40
OH,133,-1.20
OH,135,-48.60
OH,137,-58.00
OH,139,-32.10
OH,141,-24.50
OH,143,-17.20
OH,145,-33.10
OH,147,-23.60
OH,149,-54.70
OH,151,-10.10
OH,153,18.50
OH,155,-1.50
OH,157,-26.30
OH,159,-22.60
OH,161,-50.70
OH,163,-42.60
OH,165,-23.10
OH,167,-32.90
OH,169,-27.20
OH,171,-33.10
OH,173,2.20
OH,175,-37.90
FL,1,30.50
FL,3,-66.40
FL,5,-40.10
FL,7,-49.00
FL,9,-13.10
FL,11,32.90
FL,13,-58.40
FL,15,-23.10
FL,17,-37.40
FL,19,-33.70
FL,21,-21.10
FL,23,-41.50
FL,25,10.60
FL,27,-28.40
FL,29,-62.10
FL,31,7.10
FL,33,-11.80
FL,35,-17.20
FL,37,-33.70
FL,39,39.60
FL,41,-60.30
FL,43,-42.40
FL,45,-46.90
FL,47,-28.20
FL,49,-41.40
FL,51,-19.50
FL,53,-26.70
FL,55,-30.80
FL,57,10.20
FL,59,-74.90
FL,61,-18.10
FL,63,-35.30
FL,65,-3.50
FL,67,-67.50
FL,69,-16.60
FL,71,-15.70
FL,73,31.50
FL,75,-41.90
FL,77,-56.50
FL,79,-16.00
FL,81,-12.60
FL,83,-22.40
FL,85,-21.00
FL,87,-4.60
FL,89,-42.40
FL,91,-36.00
FL,93,-40.60
FL,95,26.40
FL,97,17.10
FL,99,16.00
FL,101,-16.60
FL,103,3.60
FL,105,-11.00
FL,107,-37.60
FL,109,-23.20
FL,111,1.80
FL,113,-43.40
FL,115,-7.00
FL,117,6.10
FL,119,-32.40
FL,121,-52.90
FL,123,-50.10
FL,125,-61.60
FL,127,-10.70
FL,129,-37.30
FL,131,-48.10
FL,133,-57.30
VA,1,-21.40
VA,3,25.50
VA,5,-47.80
VA,7,-47.00
VA,9,-41.00
VA,11,-59.00
VA,13,54.30
VA,15,-54.60
VA,17,-56.90
VA,19,-56.70
VA,21,-70.00
VA,23,-51.20
VA,25,5.60
VA,27,-67.50
VA,29,-25.80
VA,31,-55.30
VA,33,-14.40
VA,35,-65.30
VA,36,8.90
VA,37,-39.40
VA,41,-3.30
VA,43,-24.30
VA,45,-65.40
VA,47,-32.10
VA,49,-26.20
VA,51,-58.90
VA,53,-25.90
VA,57,-13.80
VA,59,31.00
VA,61,-30.00
VA,63,-38.90
VA,65,-12.90
VA,67,-48.40
VA,69,-36.60
VA,71,-56.00
VA,73,-43.60
VA,75,-30.60
VA,77,-63.50
VA,79,-34.30
VA,81,6.50
VA,83,-27.00
VA,85,-35.40
VA,87,19.30
VA,89,-38.10
VA,91,-47.80
VA,93,-27.70
VA,95,-4.50
VA,97,-28.70
VA,99,-35.70
VA,101,-45.40
VA,103,-16.50
VA,105,-73.20
VA,107,11.90
VA,109,-31.20
VA,111,-30.10
VA,113,-39.30
VA,115,-42.00
VA,117,-30.50
VA,119,-31.50
VA,121,-4.10
VA,125,-10.80
VA,127,-40.90
VA,131,-0.30
VA,133,-27.10
VA,135,-28.20
VA,137,-31.60
VA,139,-56.30
VA,141,-62.90
VA,143,-49.20
VA,145,-52.30
VA,147,-8.30
VA,149,-28.70
VA,153,15.60
VA,155,-47.30
VA,157,-18.20
VA,159,-39.00
VA,161,-30.60
VA,163,-36.70
VA,165,-49.50
VA,167,-67.60
VA,169,-72.00
VA,171,-48.30
VA,173,-63.50
VA,175,-28.80
VA,177,-19.10
VA,179,-9.70
VA,181,0.60
VA,183,2.30
VA,185,-71.30
VA,187,-42.70
VA,191,-56.70
VA,193,-20.30
VA,195,-66.40
VA,197,-62.20
VA,199,-16.50
VA,510,51.50
VA,515,-56.70
VA,520,-45.60
VA,530,-48.40
VA,540,67.30
VA,550,-4.60
VA,570,-46.00
VA,580,-33.20
VA,590,8.40
VA,595,20.70
VA,600,28.80
VA,610,54.30
VA,620,14.60
VA,630,21.90
VA,640,-46.70
VA,650,34.60
VA,660,22.20
VA,670,0.80
VA,678,25.40
VA,680,-9.60
VA,683,10.60
VA,685,22.50
VA,690,14.70
VA,700,21.30
VA,710,36.40
VA,720,-44.20
VA,730,72.10
VA,735,-54.30
VA,740,32.80
VA,750,-8.20
VA,760,59.30
VA,770,17.20
VA,775,-28.00
VA,790,4.70
VA,800,5.60
VA,810,-7.00
VA,820,-14.20
VA,830,30.70
VA,840,2.80
NH,1,-17.70
NH,3,-5.90
NH,5,9.90
NH,7,-13.20
NH,9,17.20
NH,11,0.30
NH,13,2.40
NH,15,-5.20
NH,17,7.90
NH,19,-3.70
ME,1,-11.5
ME,3,-28.5
ME,5,27
ME,7,-12.6
ME,9,3.7
ME,11,-8.4
ME,13,11.2
ME,15,1.6
ME,17,-17.5
ME,19,-17
ME,21,-35
ME,23,7.1
ME,25,-31.9
ME,27,-3.9
ME,29,-28.3
ME,31,3.9
MN,1,-33.20
MN,3,-10.90
MN,5,-35.50
MN,7,-11.30
MN,9,-38.00
MN,11,-31.70
MN,13,-0.40
MN,15,-36.90
MN,17,-3.90
MN,19,-16.00
MN,21,-35.80
MN,23,-34.20
MN,25,-32.90
MN,27,-1.00
MN,29,-50.70
MN,31,29.70
MN,33,-41.70
MN,35,-33.90
MN,37,4.30
MN,39,-33.50
MN,41,-37.60
MN,43,-36.00
MN,45,-22.80
MN,47,-20.80
MN,49,-18.70
MN,51,-29.00
MN,53,34.10
MN,55,-18.20
MN,57,-33.10
MN,59,-40.70
MN,61,-19.60
MN,63,-42.10
MN,65,-38.50
MN,67,-32.00
MN,69,-27.80
MN,71,-25.90
MN,73,-30.30
MN,75,0.80
MN,77,-50.90
MN,79,-34.70
MN,81,-37.70
MN,83,-33.80
MN,85,-40.40
MN,87,-19.10
MN,89,-49.40
MN,91,-41.60
MN,93,-43.70
MN,95,-40.00
MN,97,-55.50
MN,99,-8.20
MN,101,-43.10
MN,103,-1.10
MN,105,-37.70
MN,107,-20.80
MN,109,5.20
MN,111,-38.30
MN,113,-33.20
MN,115,-33.60
MN,117,-51.50
MN,119,-37.90
MN,121,-31.40
MN,123,38.00
MN,125,-37.30
MN,127,-47.40
MN,129,-40.90
MN,131,-3.10
MN,133,-44.10
MN,135,-52.60
MN,137,12.20
MN,139,-16.20
MN,141,-37.60
MN,143,-44.90
MN,145,-28.90
MN,147,-25.80
MN,149,-27.30
MN,151,-31.00
MN,153,-51.20
MN,155,-34.00
MN,157,-28.80
MN,159,-49.40
MN,161,-34.70
MN,163,0.20
MN,165,-28.40
MN,167,-43.70
MN,169,-5.20
MN,171,-34.90
MN,173,-39.60
IA,1,-15.20
IA,3,-27.50
IA,5,-10.00
IA,7,-29.00
IA,9,-23.50
IA,11,-12.90
IA,13,16.50
IA,15,-1.10
IA,17,1.00
IA,19,-3.20
IA,21,-17.80
IA,23,-26.20
IA,25,-22.90
IA,27,-21.50
IA,29,-37.40
IA,31,-8.70
IA,33,-6.50
IA,35,-27.50
IA,37,-7.50
IA,39,-15.70
IA,41,-23.30
IA,43,-12.20
IA,45,-8.90
IA,47,-42.80
IA,49,7.00
IA,51,-36.80
IA,53,-20.50
IA,55,-20.00
IA,57,-1.60
IA,59,-28.70
IA,61,5.90
IA,63,-30.20
IA,65,-4.20
IA,67,-15.80
IA,69,-26.10
IA,71,-41.40
IA,73,-7.10
IA,75,-27.00
IA,77,-13.50
IA,79,-14.00
IA,81,-41.20
IA,83,-18.50
IA,85,-42.20
IA,87,-24.00
IA,89,-19.10
IA,91,-32.00
IA,93,-36.70
IA,95,-11.20
IA,97,-13.60
IA,99,-7.10
IA,101,8.30
IA,103,47.70
IA,105,-8.60
IA,107,-27.90
IA,109,-27.80
IA,111,-17.30
IA,113,21.70
IA,115,-26.00
IA,117,-27.30
IA,119,-70.80
IA,121,-13.50
IA,123,-32.80
IA,125,-19.00
IA,127,-1.60
IA,129,-38.50
IA,131,-25.70
IA,133,-27.90
IA,135,-27.10
IA,137,-37.80
IA,139,-9.50
IA,141,-46.70
IA,143,-63.40
IA,145,-42.20
IA,147,-32.60
IA,149,-38.80
IA,151,-31.50
IA,153,26.20
IA,155,-22.40
IA,157,2.90
IA,159,-21.40
IA,161,-30.70
IA,163,0.30
IA,165,-44.80
IA,167,-64.80
IA,169,24.10
IA,171,-9.60
IA,173,-37.20
IA,175,-14.00
IA,177,-45.40
IA,179,-15.70
IA,181,-0.80
IA,183,-11.00
IA,185,-31.20
IA,187,-11.60
IA,189,-28.10
IA,191,20.90
IA,193,-12.30
IA,195,-23.40
IA,197,-18.50
TX,1,-51.80
TX,3,-63.70
TX,5,-40.10
TX,7,-45.40
TX,9,-74.00
TX,11,-79.20
TX,13,-28.20
TX,15,-52.30
TX,17,-49.00
TX,19,-53.40
TX,21,-8.20
TX,23,-71.10
TX,25,-23.10
TX,27,-3.00
TX,29,23.60
TX,31,-41.50
TX,33,-84.90
TX,35,-58.60
TX,37,-36.80
TX,39,-12.60
TX,41,-8.90
TX,43,1.30
TX,45,-71.10
TX,47,24.30
TX,49,-66.30
TX,51,-51.40
TX,53,-47.20
TX,55,-3.50
TX,57,-38.40
TX,59,-71.10
TX,61,18.60
TX,63,-38.00
TX,65,-73.50
TX,67,-52.80
TX,69,-48.30
TX,71,-55.80
TX,73,-49.70
TX,75,-65.50
TX,77,-71.30
TX,79,-57.30
TX,81,-72.70
TX,83,-70.90
TX,85,1.20
TX,87,-67.20
TX,89,-44.50
TX,91,-36.90
TX,93,-64.70
TX,95,-61.70
TX,97,-59.00
TX,99,-28.00
TX,101,-58.50
TX,103,-60.70
TX,105,-49.30
TX,107,-38.70
TX,109,8.20
TX,111,-68.10
TX,113,37.10
TX,115,-50.30
TX,117,-38.10
TX,119,-61.70
TX,121,-2.50
TX,123,-56.10
TX,125,-66.50
TX,127,29.20
TX,129,-68.70
TX,131,8.10
TX,133,-69.00
TX,135,-41.90
TX,137,-61.40
TX,139,-28.30
TX,141,40.60
TX,143,-58.00
TX,145,-31.20
TX,147,-57.40
TX,149,-51.80
TX,151,-54.10
TX,153,-50.00
TX,155,-56.80
TX,157,16.00
TX,159,-60.70
TX,161,-55.30
TX,163,-1.90
TX,165,-73.40
TX,167,-17.00
TX,169,-64.90
TX,171,-52.80
TX,173,-80.70
TX,175,-49.10
TX,177,-42.00
TX,179,-71.30
TX,181,-44.00
TX,183,-31.10
TX,185,-47.20
TX,187,-18.50
TX,189,-45.20
TX,191,-64.10
TX,193,-62.90
TX,195,-76.30
TX,197,-62.40
TX,199,-67.50
TX,201,18.70
TX,203,-39.70
TX,205,-73.90
TX,207,-60.90
TX,209,16.40
TX,211,-68.60
TX,213,-54.00
TX,215,22.40
TX,217,-54.50
TX,219,-56.20
TX,221,-58.00
TX,223,-54.60
TX,225,-44.10
TX,227,-52.40
TX,229,-29.20
TX,231,-46.60
TX,233,-70.60
TX,235,-65.70
TX,237,-75.10
TX,239,-60.10
TX,241,-55.10
TX,243,-16.00
TX,245,4.00
TX,247,23.10
TX,249,-4.10
TX,251,-47.10
TX,253,-63.00
TX,255,-46.00
TX,257,-28.10
TX,259,-47.20
TX,261,-26.10
TX,263,-72.30
TX,265,-45.80
TX,267,-67.90
TX,269,-82.60
TX,271,-37.50
TX,273,3.80
TX,275,-56.50
TX,277,-51.30
TX,279,-54.70
TX,281,-51.40
TX,283,-6.10
TX,285,-66.70
TX,287,-49.60
TX,289,-68.00
TX,291,-53.50
TX,293,-44.30
TX,295,-73.20
TX,297,-60.50
TX,299,-53.90
TX,301,-80.20
TX,303,-26.50
TX,305,-55.70
TX,307,-64.20
TX,309,-17.70
TX,311,-72.20
TX,313,-51.90
TX,315,-37.90
TX,317,-66.10
TX,319,-55.90
TX,321,-38.60
TX,323,14.90
TX,325,-33.20
TX,327,-54.60
TX,329,-50.80
TX,331,-45.80
TX,333,-71.10
TX,335,-62.10
TX,337,-70.30
TX,339,-38.00
TX,341,-54.10
TX,343,-33.40
TX,345,-78.60
TX,347,-25.60
TX,349,-39.60
TX,351,-54.50
TX,353,-49.40
TX,355,2.70
TX,357,-73.40
TX,359,-76.50
TX,361,-57.40
TX,363,-57.90
TX,365,-57.00
TX,367,-58.50
TX,369,-56.00
TX,371,-33.50
TX,373,-48.40
TX,375,-33.10
TX,377,38.80
TX,379,-64.90
TX,381,-53.00
TX,383,-62.20
TX,385,-60.50
TX,387,-50.10
TX,389,-17.50
TX,391,-27.00
TX,393,-86.30
TX,395,-34.40
TX,397,-31.90
TX,399,-67.60
TX,401,-49.60
TX,403,-68.40
TX,405,-44.30
TX,407,-55.80
TX,409,-23.40
TX,411,-70.80
TX,413,-56.50
TX,415,-64.80
TX,417,-76.70
TX,419,-52.10
TX,421,-74.20
TX,423,-33.60
TX,425,-61.60
TX,427,10.50
TX,429,-71.90
TX,431,-76.70
TX,433,-61.30
TX,435,-51.60
TX,437,-52.10
TX,439,5.80
TX,441,-39.60
TX,443,-41.00
TX,445,-50.90
TX,447,-74.40
TX,449,-38.80
TX,451,-38.60
TX,453,50.60
TX,455,-54.90
TX,457,-63.80
TX,459,-62.30
TX,461,-67.70
TX,463,-14.50
TX,465,-4.30
TX,467,-65.70
TX,469,-32.10
TX,471,-26.00
TX,473,-20.90
TX,475,-55.10
TX,477,-44.00
TX,479,28.60
TX,481,-37.10
TX,483,-78.30
TX,485,-35.40
TX,487,-50.60
TX,489,17.30
TX,491,7.00
TX,493,-42.30
TX,495,-59.20
TX,497,-62.00
TX,499,-62.00
TX,501,-60.70
TX,503,-67.60
TX,505,0.30
TX,507,36.50
NM,1,10.10
NM,3,-55.90
NM,5,-48.30
NM,6,-2.70
NM,7,-18.70
NM,9,-45.40
NM,11,-52.80
NM,13,12.80
NM,15,-57.10
NM,17,-0.70
NM,19,9.50
NM,21,-41.80
NM,23,-20.80
NM,25,-64.00
NM,27,-46.50
NM,28,11.60
NM,29,-17.20
NM,31,27.50
NM,33,20.40
NM,35,-34.50
NM,37,-40.30
NM,39,23.30
NM,41,-48.20
NM,43,-4.50
NM,45,-36.60
NM,47,30.50
NM,49,43.10
NM,51,-31.60
NM,53,-4.00
NM,55,47.10
NM,57,-43.30
NM,59,-58.10
NM,61,-20.60
MT,1,-23.50
MT,3,28.10
MT,5,29.30
MT,7,-34.50
MT,9,-11.90
MT,11,-66.50
MT,13,2.40
MT,15,-4.50
MT,17,-20.10
MT,19,-40.60
MT,21,-39.50
MT,23,36.90
MT,25,-56.20
MT,27,-32.30
MT,29,-18.10
MT,31,18.30
MT,33,-76.40
MT,35,48.50
MT,37,-42.10
MT,39,-22.80
MT,41,17.30
MT,43,-13.50
MT,45,-34.30
MT,47,-0.10
MT,49,14.90
MT,51,-25.80
MT,53,-38.00
MT,55,-56.40
MT,57,-23.70
MT,59,-35.00
MT,61,-22.80
MT,63,34.10
MT,65,-52.40
MT,67,4.60
MT,69,-63.70
MT,71,-44.50
MT,73,-12.10
MT,75,-59.00
MT,77,-25.60
MT,79,-45.60
MT,81,-22.30
MT,83,-47.30
MT,85,16.20
MT,87,-10.70
MT,89,-32.50
MT,91,-20.30
MT,93,42.30
MT,95,-38.50
MT,97,-37.80
MT,99,-18.80
MT,101,-34.10
MT,103,-39.00
MT,105,-18.80
MT,107,-32.50
MT,109,-49.10
MT,111,-6.70
NE,1,-21.50
NE,3,-54.90
NE,5,-65.40
NE,7,-59.10
NE,9,-58.20
NE,11,-48.70
NE,13,-38.80
NE,15,-56.80
NE,17,-57.40
NE,19,-25.20
NE,21,-22.10
NE,23,-40.80
NE,25,-16.70
NE,27,-50.80
NE,29,-57.40
NE,31,-57.20
NE,33,-43.80
NE,35,-44.10
NE,37,-24.40
NE,39,-40.60
NE,41,-53.60
NE,43,1.80
NE,45,-26.50
NE,47,-25.10
NE,49,-52.50
NE,51,-36.80
NE,53,-13.30
NE,55,31.10
NE,57,-59.10
NE,59,-35.00
NE,61,-48.20
NE,63,-53.70
NE,65,-49.20
NE,67,-17.90
NE,69,-53.00
NE,71,-55.40
NE,73,-41.60
NE,75,-70.20
NE,77,-43.60
NE,79,-16.10
NE,81,-39.20
NE,83,-50.70
NE,85,-67.50
NE,87,-56.10
NE,89,-55.20
NE,91,-53.30
NE,93,-42.70
NE,95,-24.50
NE,97,-20.60
NE,99,-40.60
NE,101,-45.00
NE,103,-61.70
NE,105,-51.10
NE,107,-41.30
NE,109,27.50
NE,111,-36.40
NE,113,-63.30
NE,115,-46.70
NE,117,-68.70
NE,119,-35.30
NE,121,-44.70
NE,123,-49.50
NE,125,-40.40
NE,127,-25.40
NE,129,-44.30
NE,131,-19.20
NE,133,-34.20
NE,135,-54.20
NE,137,-49.70
NE,139,-56.00
NE,141,-38.20
NE,143,-42.80
NE,145,-50.00
NE,147,-31.40
NE,149,-60.10
NE,151,-9.70
NE,153,8.00
NE,155,-26.90
NE,157,-25.00
NE,159,-25.80
NE,161,-54.50
NE,163,-39.20
NE,165,-60.20
NE,167,-46.00
NE,169,-37.80
NE,171,-59.10
NE,173,17.00
NE,175,-44.80
NE,177,-21.90
NE,179,-30.30
NE,181,-44.10
NE,183,-56.60
NE,185,-33.60